date only,cluster,0,1,2,3,4,5,6,7,8,9,10,11,12,13,14,15,16,17,18,19,20,21,22,23
2017-01-05,1,113.87564499999999,113.99669399999999,112.3961815,111.5479645,102.83068850000001,108.672723,117.6257605,146.875263,176.54363,196.5042605,223.61595899999998,239.3411855,231.60366349999998,230.00511749999998,231.4789,248.707188,242.1417,244.740102,209.59197350000002,167.010475,129.060958,117.92838300000001,109.6395855,113.76246200000001
2017-01-06,1,115.19647749999999,104.650575,113.686424,108.93099,110.615625,111.89909399999999,113.4379895,147.2823285,182.992002,213.54005,243.860858,257.3674355,253.4138965,231.5188855,244.226627,249.30194500000002,243.1031,232.58888,193.6821145,155.0657355,125.821477,112.8480395,112.035875,112.2253145
2017-01-11,1,110.790425,108.5789865,104.681602,106.67126299999998,108.649125,103.492525,111.49618000000001,141.0708105,159.22684950000001,207.913675,230.7104355,252.8628395,249.75205499999998,231.74372200000002,254.5487855,242.36981400000002,244.39225,226.972556,202.8700395,168.2998435,146.6298875,116.1508855,108.680152,106.76587350000001
2017-01-16,1,101.1447425,102.2433605,104.743219,103.5215855,103.830763,106.5805855,110.5594705,135.6957105,169.1760285,205.4046395,240.0744715,255.131525,247.73289649999998,242.0396605,244.76828849999998,260.0405645,252.662038,249.3122145,212.10100899999998,185.6448105,148.4871375,127.4691855,112.91643,115.1932
2017-01-17,1,111.76427949999999,112.2934865,107.6293855,104.6258845,105.7577145,107.4065155,113.3141,145.988153,182.4000855,213.4817105,242.720725,248.96611049999998,248.9407645,246.11031549999998,245.5103145,258.3834605,248.3508145,254.8350205,215.7906,163.7817005,130.0256355,119.45832,110.1093605,109.43463249999999
2017-01-18,1,110.7358,106.3087715,105.6666,104.463102,107.0905645,103.3878635,113.9221855,150.481824,188.270525,226.99091,251.6973605,272.341459,282.9210105,265.85222749999997,271.693825,261.8239615,258.8606645,244.785987,212.9245355,178.731689,145.4263895,128.1211895,116.5916,122.54616200000001
2017-01-19,1,119.7259825,112.42393100000001,108.037325,103.860916,107.92086450000001,109.8218145,117.42561450000001,143.4852355,188.073875,221.389881,253.87515,264.4586345,265.8670855,260.25819049999996,259.6726105,269.3040905,268.9260855,252.29321000000002,221.2531,168.4785765,138.9150895,118.4241595,111.992175,112.4401
2017-01-20,1,110.07308950000001,101.9588735,104.7089145,107.88022350000001,109.850875,109.46434850000001,115.8886855,151.6514545,196.902149,222.1561605,253.4886235,284.1446105,272.01917149999997,265.160675,258.8969355,260.725562,265.4484395,247.1071125,214.5851355,154.7598355,134.8582,109.56267350000002,110.7395145,113.30077150000001
2017-01-24,1,108.5492705,104.479708,105.349775,103.929962,104.1006105,104.575848,109.7307,135.1385355,173.9515645,216.738453,239.6654395,256.001155,241.7739645,235.03760950000003,241.650075,250.292187,245.6960395,238.84235,212.8270845,170.9581145,144.103372,118.3468105,108.6939175,111.9884605
2017-01-25,1,108.6108875,107.5074625,108.4824095,105.1166355,103.65618149999999,106.9594645,106.7261065,133.798475,176.5552105,230.4119645,251.319137,268.2378105,273.1868355,249.50187250000002,260.6305145,267.8877735,282.1964645,264.117556,221.5954895,173.0447895,151.74825,118.447976,112.494725,108.22610900000001
2017-01-26,1,113.8566355,113.27433300000001,101.2054855,111.50710500000001,106.376725,107.76310749999999,116.0599895,145.5343285,183.5218645,236.2231905,259.545225,275.931851,263.2088145,261.957028,270.4228105,278.8001005,268.25245,261.740276,218.9734895,174.2050245,135.5973855,107.87345,106.51569099999999,101.67023499999999
2017-01-28,2,106.94264,102.4727855,105.631203,105.51365,103.0697275,104.78538950000001,105.9617935,115.5246645,124.2554875,119.3628355,123.14288549999999,128.335975,123.693724,127.2834605,128.80902749999998,132.5130395,130.586525,122.7058855,117.702891,113.9186895,112.90332,103.3249355,102.479122,104.76703549999999
2017-01-29,2,102.4277745,103.91335600000001,103.339575,104.751085,104.3483895,102.587935,104.7489,102.640375,103.1038135,104.81073549999999,103.205853,103.216778,106.30025,104.836737,105.808625,104.6132115,104.62566600000001,105.1022145,105.413577,107.6258895,105.49682549999999,105.9106645,104.62217,103.4840035
2017-02-16,1,109.3118355,111.3290275,104.13994050000001,102.5566895,104.4867,102.519326,107.469225,148.542855,175.6440655,219.8400605,238.9295315,255.5538855,257.0715865,243.23179649999997,264.7383145,257.4382295,240.754225,231.278317,206.1536575,154.3193395,128.560156,116.3986645,113.606016,109.8545895
2017-02-17,1,107.3942795,109.80127549999999,109.99333700000001,106.7698065,104.29005,103.369291,113.82167549999998,130.1239605,162.06582,204.2391605,243.90193599999998,235.4920895,244.69815,221.526225,239.7563355,236.63265950000002,233.5583645,223.79010350000001,186.282175,148.02610249999998,124.295473,110.0001105,105.7786905,102.1660115
2017-03-01,1,106.1510145,107.25400249999998,106.12129850000001,102.9438715,101.7714005,101.3038105,111.465153,136.5443645,181.88988799999998,221.0929395,254.98381899999998,252.62598549999998,388.325192,293.42365,298.3991135,301.715725,297.8637885,259.9566605,209.11214750000002,177.3710895,139.29418700000002,114.9163605,113.1377705,113.38817150000001
2017-03-05,2,106.529675,105.09434850000001,105.7856825,107.928075,104.7674725,105.6410355,104.241106,108.22305,105.326177,105.7249395,107.24242199999999,110.1714145,107.6805145,109.6797895,110.40215049999999,114.9893395,111.98627549999999,109.3192645,117.709883,111.1765145,111.19465,109.75255,112.7715645,106.9266895
2017-03-06,1,104.644894,106.659901,105.262375,104.67002149999999,105.2223895,105.08604550000001,115.6229895,142.6295895,168.7001355,196.9215955,234.79638549999999,257.386008,381.7632,284.907394,307.5022605,297.0540275,283.2924605,239.6566995,215.32453950000001,175.5383115,146.3475855,114.51453899999998,111.3840895,105.5680565
2017-03-29,1,115.78686450000001,111.644323,110.497198,111.5261145,112.7641355,114.7944375,117.999177,140.0311875,171.1036355,221.941375,243.682125,359.987927,295.0569375,332.165448,311.9360625,297.92475,311.90875,245.92175,226.092875,195.7486875,145.584802,128.086448,123.12475,112.2270625
2017-03-30,1,118.3450625,113.7565625,111.271125,111.7354375,112.536677,109.149927,122.79700000000001,137.9554375,185.28799999999998,214.80603900000003,242.2546645,378.3425825,303.4652545,310.2846395,318.69732650000003,303.638525,322.9917255,255.360513,214.949375,172.0073515,151.5666765,117.7642895,104.186044,108.70375
2017-05-16,0,106.617075,106.0928935,103.62515450000001,105.74569699999999,103.7001,101.38837,113.5763,134.849023,477.60101449999996,406.6815955,427.21491449999996,429.593724,489.52018949999996,475.0725325,519.4909605,504.87484000000006,530.070075,493.5165545,347.797375,181.9023425,126.7262855,101.0612755,108.0956645,104.067617
2017-06-21,0,116.5437485,112.0260425,109.69836200000002,117.1852645,107.49326,105.763177,113.64185,129.4566615,503.3366,588.544608,529.186898,544.5712645,559.51732,549.006159,567.29155,601.885344,545.3578645,549.2515344999999,482.4862375,200.0513895,135.3389,102.1013355,106.596099,108.43739850000001
2017-06-27,0,110.45043899999999,103.153413,101.5039565,105.77257250000001,103.36841700000001,102.3744605,102.5164855,136.6903225,462.34228550000006,384.024675,416.821525,468.7246705,435.044425,453.01233550000006,458.052038,444.7823144999999,430.608001,417.2039,393.73984049999996,189.326317,141.4531855,108.1314985,100.7103645,109.176147
2017-07-19,0,110.3715605,102.701992,101.2968185,106.1947145,102.443725,100.894997,110.4663895,133.585219,489.057625,355.4957855,422.78439000000003,419.7822,439.2123125,425.87113949999997,448.92638550000004,470.84586849999994,461.39923949999996,456.33003949999994,376.4355145,174.6214855,124.97894099999999,104.7307645,113.544399,111.59516049999999
2017-07-25,0,104.2682,103.72173149999999,112.54935,102.5435795,102.8698,110.804409,104.6031605,131.64625,482.04792649999996,353.4200355,424.291603,472.539025,455.5288,467.312942,504.024875,491.12245,470.49102450000004,426.03851050000003,356.616035,177.8115855,147.7934,108.898215,107.90251049999999,116.1692395
2017-07-26,0,106.5041105,115.906384,106.008334,105.196825,111.9775355,102.615903,106.6535645,137.010425,456.8522545,444.855075,454.131274,467.80478550000004,506.537625,510.00303499999995,492.16753550000004,496.53753550000005,470.626713,453.3001,392.8195185,181.6790355,151.9411855,112.6343465,112.41825,105.64475
2017-09-12,0,114.38802749999999,104.563612,103.0155395,103.4669605,113.1473845,103.49645799999999,103.4416145,130.5211935,430.52868550000005,320.4116775,327.9420615,407.841175,407.85647,410.5905605,437.8143495,450.73578399999997,449.56746449999997,424.840038,337.34215,172.166201,140.93818100000001,111.8245855,109.500401,121.6269325
2017-09-13,0,109.49909,109.05378700000001,114.03711650000001,109.5996,105.48677450000001,105.6336065,115.116725,134.2466185,410.2993,327.014092,389.7603,401.70547650000003,425.29561050000007,447.5083205,453.2701655,525.1719605000001,480.0967215,455.1392145,385.869689,166.049075,131.0088855,122.68753149999999,111.5261145,113.37833899999998
2017-09-14,0,121.41935749999999,109.3481065,109.0671155,117.56611000000001,107.593333,105.9578605,113.70696299999999,131.5079395,417.05728650000003,364.362297,383.3436105,381.134794,404.9679,401.56607349999996,432.40778550000005,448.24204349999997,434.884483,393.3836855,329.2137315,169.1664145,133.446253,122.5057395,110.7600535,109.884961
2017-09-20,0,109.8982895,106.0304025,101.19171999999999,101.991867,109.3773855,100.9236205,105.5208605,138.722591,217.38455750000003,440.721492,367.6553105,410.540524,412.23761349999995,418.62415,439.93511050000006,483.43387199999995,457.96878949999996,431.766488,330.5443965,184.424925,147.50978700000002,116.85511100000001,108.45618950000001,107.48714199999999
2017-09-26,0,104.4912885,111.19421299999999,101.2421935,100.673875,102.007162,106.9730115,100.9725645,139.3507785,220.7909725,456.82516050000004,407.980141,404.5311185,416.6176645,453.3195465,463.2162855,480.329424,470.46698949999995,439.58201449999996,360.6344685,171.0787265,141.7774395,112.3371865,110.25073,115.5827855
2017-09-27,0,107.9296045,105.4299645,111.57746200000001,101.7591645,101.7478025,110.45153149999999,104.109569,145.6995145,224.06169900000003,465.430783,420.863775,446.98916449999996,434.651125,447.01451050000003,476.271005,491.03723499999995,509.65125,484.83139800000004,382.4416425,174.2500355,141.68960249999998,114.6251,113.14519950000002,122.751552
2017-09-28,0,115.6714965,110.14279099999999,108.1546595,112.84213999999999,103.5652855,106.213724,113.65299350000001,145.7357855,225.495059,542.5973355000001,441.316249,480.05258449999997,481.68325,520.0649599999999,549.098366,581.05705,565.3868855000001,509.04469400000005,401.27525,182.23774,134.1153,120.478278,113.53762549999999,117.345425
2017-09-29,0,114.04104950000001,107.439072,116.60492849999999,109.18881999999999,105.06812849999999,111.9194145,105.54074399999999,139.035483,215.692275,547.4375474999999,434.80778949999996,450.4161185,477.03706600000004,467.39335,514.032175,544.8732315000001,527.9796855000001,521.4570235,382.0254,184.50729950000002,137.380564,119.89095,128.9847015,116.1696765
2017-10-03,0,110.69799950000001,101.68553,100.831195,102.0139355,108.7026575,100.7282815,103.22311450000001,137.928999,197.2253105,345.952361,387.3967855,502.04308,517.4261355000001,507.98234699999995,523.7626355000001,519.4795985000001,509.105,507.08824500000003,476.524465,273.2925895,156.8993875,111.7371855,118.757372,111.20164199999999
2017-10-04,0,112.3306315,119.880025,110.966099,111.07578600000001,119.8291145,110.2596885,109.2572105,153.7350705,218.0230145,467.61556449999995,502.37891449999995,508.30769349999997,511.6905105000001,497.48342199999996,561.490375,572.5003715,605.83495,527.0366395,441.47509850000006,232.2180855,140.679477,112.0103105,109.422178,111.0454145
2017-10-05,1,112.0841635,109.8034605,116.20485500000001,107.3068795,109.654225,110.85466399999999,101.626535,105.6703145,150.0572785,367.399884,245.692325,259.331969,252.4184105,285.3284435,288.90944,309.669125,315.4421135,307.5643145,282.069516,161.16516299999998,115.3533605,106.4451155,101.62435,107.347302
2017-10-06,0,111.99982250000001,105.78000149999998,103.801484,107.03637649999999,104.27191450000001,107.8531295,109.7706855,134.9235315,210.79656400000002,493.63891449999994,398.9834035,441.82513550000004,482.144722,460.26653550000003,524.806847,562.7445650000001,530.7655605,489.85427599999997,355.357475,208.7577405,120.69503,102.924425,103.108402,108.2276385
2017-10-09,0,103.9804355,105.7948595,109.1588855,104.87956299999999,104.81466850000001,108.452475,105.654801,131.6281145,221.3699975,564.222499,494.913425,519.616161,539.8698,542.5877214999999,612.6530240000001,581.3775895,588.7034575,588.494353,454.1741,239.9267655,134.5523,102.4312705,114.56916399999999,109.817226
2017-10-11,0,113.6722215,113.183874,112.848258,109.50892250000001,109.042425,111.886858,107.793916,135.01115,227.762215,471.8085795,412.5802215,423.55853550000006,435.40101699999997,465.11330250000003,467.93238949999994,536.4670995,528.7169044999999,495.106142,403.8087575,189.3339645,145.74867700000001,112.513953,116.309735,109.9782605
2017-10-12,0,113.3833645,117.04739099999999,102.854505,102.5247885,109.9564105,101.971765,100.773074,138.0410895,224.9582045,555.3396,345.854473,373.8969815,376.0784855,360.5090495,379.65926349999995,374.03288849999996,390.417111,368.863834,333.2961855,197.184014,143.1762765,124.36146000000001,111.85015,109.488165
2017-10-13,0,119.87237749999998,111.47760749999999,115.42677649999999,109.1453385,107.2688605,117.6484845,105.0510855,146.0609135,198.07461999999998,350.5030605,390.5506145,381.11054049999996,375.71075,372.811692,374.552263,394.565989,375.6015,367.18335049999996,329.78205,173.7949,134.4594375,109.29151499999999,106.6898355,107.10629650000001
2017-10-16,0,107.838927,115.4744095,112.28409099999999,109.9529145,116.69866499999999,107.50593300000001,115.5428,144.7311225,209.604428,371.7740355,383.0988905,401.1622855,389.322863,377.6739725,389.0866645,394.071305,395.245087,383.2964145,349.7815735,194.95793600000002,143.91873950000002,115.0946565,105.0183105,104.4510845
2017-10-17,0,113.30645249999999,109.0518205,108.801201,111.065735,117.0358105,108.11117800000001,109.195375,135.927976,233.5255895,338.7224145,376.638064,393.3404225,375.3757895,387.440267,380.6014355,386.6381535,396.390901,376.6356605,344.081564,188.312477,136.3730605,120.4116355,102.291212,102.5929605
2017-10-18,0,110.591153,101.363024,104.4921625,112.846947,101.8465645,105.646498,112.65466699999999,135.3535395,241.44381099999998,345.038594,368.008625,374.5380605,381.4951005,366.195075,493.0393505,423.4816235,410.2993,380.80857349999997,335.55503849999997,199.1262605,148.264923,116.73602849999999,104.6979895,108.13412050000001
2017-10-25,0,114.73129099999998,105.8691495,103.12238599999999,111.6834345,103.4053435,104.9418355,112.2829985,143.8763505,418.58045,296.82788,401.155949,423.7224105,403.373287,430.9123715,441.95273949999995,453.762883,465.307986,422.7990295,333.4093685,198.7657355,149.1566215,122.1399705,108.96966450000001,107.99122150000001
2017-11-11,2,106.425669,107.09121999999999,103.7247905,109.49756049999999,107.33703249999999,104.26448549999999,104.425083,117.8534375,280.0333145,185.24692199999998,208.4562105,192.167691,206.3878895,163.6724505,123.9150645,122.13276,118.3249605,119.91607749999999,116.79262,114.636025,111.0261865,107.42181049999999,104.3488265,105.1384855
2017-11-12,2,105.48218600000001,462.5109675,105.2704595,105.9469355,105.4220985,108.82283249999999,104.8400145,106.11671000000001,107.3344105,109.6360895,105.9871395,105.67097,110.375275,106.113651,106.03914250000001,106.726325,109.95794,111.4277895,111.16624499999999,112.4401,116.7487015,112.15233549999999,110.83281399999998,109.260925
2017-11-13,0,111.01482450000002,110.1036795,109.8008385,112.03915249999999,108.0956645,110.1814655,109.807175,146.57832150000002,377.72095,278.2219495,311.52419,363.3071605,360.49856150000005,366.6248645,383.501586,394.1882025,385.1243855,303.4058225,219.6871105,197.957067,164.2973605,119.27478,106.223775,111.3303385
2017-11-15,1,109.9673355,104.48101899999999,110.844176,103.39725899999999,102.695874,111.5370395,106.998139,140.593825,314.563962,283.796977,309.5526645,322.177376,341.4208895,335.9802395,372.5169355,353.2163935,378.1306375,274.7928105,231.18807650000002,190.4810895,154.085763,116.6862105,102.4033025,101.65930999999999
2017-11-22,1,108.6327375,104.4091325,106.39180149999999,107.54788500000001,102.1979125,110.2513855,107.892678,152.75335,193.5580065,224.88653650000003,419.8696,341.7643715,321.056908,330.26275,368.3833525,345.760081,341.0638605,269.4885045,224.4869,178.002336,141.031262,118.481625,110.0927545,113.14257749999999
2017-11-23,1,110.464423,112.72371299999999,109.41977450000002,112.5465095,108.4426425,112.4582355,110.053206,137.4546355,187.91284050000002,209.6243115,411.0603355,381.348924,333.1688,343.50385,346.684336,370.4521105,315.733374,263.0702855,227.2109395,176.0028425,144.251078,110.53193950000001,105.128216,114.238355
2017-11-30,1,114.102011,101.1617855,104.18517,105.7977,105.252324,112.1960355,109.17483600000001,129.789,177.84239399999998,221.89549,241.0092145,260.732991,376.4792145,292.20092400000004,326.7739605,290.4041985,251.954098,241.2093605,208.16254650000002,180.4373,146.011751,116.4532895,110.5004755,108.36398249999999
2017-12-05,1,121.6107635,113.7089295,113.6870795,116.96305,114.40616299999999,116.44367549999998,113.71461049999999,158.3799435,203.9042,230.372853,253.49168250000002,274.5415355,267.3515745,262.0713035,271.781225,272.0261635,265.082015,255.3428145,231.3082515,200.22640800000002,163.7620355,128.8321885,117.01133850000001,122.271726
2017-12-06,1,116.46923999999999,111.74679950000001,110.364787,107.33834350000001,106.9791295,111.295597,113.30710800000001,145.504831,191.2589495,231.21036349999997,278.570894,284.758377,272.0973945,281.7284375,270.2191685,292.2964085,275.442848,271.940293,229.3509285,201.530853,156.239299,117.472155,123.65308300000001,113.52670049999999
2017-12-07,1,118.78621399999999,112.77964899999999,113.0560515,111.08518149999999,109.690059,109.41431200000001,116.505074,150.03346200000001,209.3385135,231.658944,266.5479315,271.3287115,263.035981,259.220534,265.1753145,274.7856,257.287683,245.31366450000002,206.3896375,174.570575,141.27532649999998,116.6280895,105.29099850000001,108.9478145
2017-12-09,2,102.97336899999999,105.4880855,106.8043295,103.032801,105.0838605,104.8089875,102.9644105,115.27338950000001,114.4321645,120.11447549999998,120.2259105,121.2567935,123.244925,122.48978899999999,124.545,120.92467350000001,121.9667,120.64805249999999,115.3533605,119.98709,115.930856,108.474325,108.13783500000001,103.5727145
2017-12-10,2,105.41270300000001,103.06535749999999,102.115975,103.9035235,104.2325845,106.201925,101.7185235,103.601775,108.400472,109.2353605,106.77308400000001,102.14503549999999,104.775994,107.0250145,108.00782749999999,114.0388645,106.249995,109.020575,109.04919850000002,109.7234895,109.81394850000001,107.0612855,110.148909,107.1524
2017-12-11,1,110.59071599999999,105.8494845,109.0387105,106.158225,107.3540755,105.960701,113.9842395,150.2635425,185.3244895,217.44114900000002,265.7976025,277.5896105,282.596975,265.313625,284.776731,277.8883,271.6538395,249.23857999999998,215.024102,174.7381645,149.2453325,109.5596145,102.743944,106.275341
2017-12-13,1,106.48925249999999,107.28852549999999,105.091945,105.12035,105.3338245,103.5836395,111.6972,149.27417450000002,201.511625,235.199081,268.1386115,290.1280145,268.83366,267.4804895,278.7188185,296.8272245,277.4113145,274.86622650000004,221.87473250000002,189.0424855,152.2322275,117.88796049999999,111.295597,102.58575
2017-12-15,1,111.9119855,111.4937765,108.0445355,109.19406399999998,110.593775,113.342505,117.97142749999999,149.705275,177.2035,209.7344355,245.6051435,246.2204395,248.6130145,235.3011205,250.86618650000003,242.7244395,246.3353705,228.5363605,206.1029655,167.99263249999998,141.5952105,109.90091149999999,106.6133605,106.9922395
2017-12-19,1,117.38584750000001,111.85976399999998,111.56478899999999,112.3564145,112.31009250000001,114.0607145,115.31119,151.61758700000001,183.419825,212.549808,239.5452645,258.714925,244.86792450000002,246.0312185,241.169375,262.28281150000004,248.6165105,250.785123,200.107981,172.6187145,139.26753,123.5890625,113.543525,112.625825
2017-12-20,1,111.35699550000001,108.648251,108.5562625,110.4663895,107.73448400000001,112.11650149999998,113.8822,144.60832549999998,177.039625,216.43779700000002,247.344185,249.63625,238.9662395,231.8759145,233.30381200000002,241.7905705,241.3551,230.10540899999998,201.8138105,169.9482075,154.113731,127.1379395,121.65402649999999,118.35008799999999
2018-01-16,1,111.751825,107.731425,111.3913,107.73645049999999,108.8931895,108.09195,108.7109605,140.77233950000002,176.0635855,205.335375,218.1504,251.9305,253.0411355,246.1221145,247.1272145,257.4220605,250.3645105,252.509525,213.9115,182.742475,138.5908355,124.4538855,111.096325,108.6419145
2018-01-17,1,108.6528395,107.272575,107.7932605,107.92086450000001,107.5856855,111.4277895,111.1581605,137.884425,175.4992,193.0847355,215.3536,238.2486855,235.0878645,241.6572855,232.385675,236.22035,222.5204,227.44036450000002,203.0776145,174.1045145,144.1044645,123.3723105,109.9891855,107.78605
2018-01-18,1,109.2209395,108.4124895,110.8924645,109.25,110.1421355,106.8209355,108.26543899999999,138.71254,166.963716,191.4752645,237.09347599999998,241.1088505,236.70105,226.86592799999997,241.15845,239.748688,237.6111025,235.19973650000003,207.50945,166.5575245,131.6023315,121.58803950000001,113.198295,112.57622549999999
2018-01-19,1,115.7348615,111.021161,109.3044065,111.314825,110.4161345,112.4254605,112.4363855,146.7387005,187.7352,202.3749185,224.295494,248.052125,233.7152475,227.932208,229.1809355,246.1330395,234.7308355,225.4445855,188.3105105,150.5974105,121.0999105,104.2282145,103.8821105,100.8012605
2018-01-20,2,103.2886645,104.082475,101.931998,101.0162645,103.274025,100.979775,102.17781049999999,115.91425,114.7162145,115.25503549999999,118.40515,124.3227855,132.0358355,129.362925,124.2755895,120.37165,119.7526395,115.7029605,119.14805,113.8566355,114.22808549999999,109.9236355,107.644025,106.1654355
2018-01-21,2,108.0336105,107.1443155,107.1377605,106.191,109.7453395,105.8923105,105.940599,107.2653645,105.0838605,105.3534895,106.64985,110.2041895,109.3664605,108.8604145,110.681175,109.6614355,109.1151855,110.4152605,107.7132895,106.2930395,107.3709,108.2630355,107.1596105,106.7226105
2018-01-22,1,108.48153549999999,107.09121999999999,106.18990749999999,106.1955885,108.495301,107.6621605,108.96267250000001,144.79995,162.8111235,197.4097245,244.8001895,248.458098,249.251253,234.3703105,245.459841,248.228673,242.2000395,234.51167999999998,211.2202355,162.3492145,131.5551355,117.498375,114.6978605,116.70085
2018-01-23,1,114.73063549999999,113.5326,112.3564145,110.02938950000001,111.5698145,111.1328145,113.8129355,145.051225,177.9317605,206.7628355,235.3500645,245.9800895,242.851825,231.752025,240.2116895,237.216273,236.42508450000003,233.7877895,206.3258355,165.240625,133.7764065,120.098525,112.0177395,113.55445
2018-01-24,1,112.2943605,113.3942895,111.3185395,109.5705395,109.7816105,108.5435895,114.82175,141.0489605,177.6551395,212.73531450000002,241.3295355,264.9712355,244.60550600000002,240.732375,241.1438105,238.2268355,235.5174355,224.4869,203.06516000000002,160.2479,127.3608095,116.8138145,114.9674895,116.6315855
2018-01-25,1,116.110463,117.42495900000002,112.312059,111.183725,113.2229855,110.7648605,113.2741145,147.8770855,175.75921499999998,207.9318105,235.0550895,249.81105,246.2042705,232.2218,239.312125,235.8342605,237.345625,222.76075,190.599298,165.415425,135.8543415,120.03668950000001,113.81665,115.3717145
2018-01-26,1,116.0700405,111.66202150000001,114.9600605,113.591595,110.2988,111.3985105,113.7074,143.3943395,176.0089605,206.1291855,220.4665,239.399525,241.4425,228.7732145,239.049925,239.378986,236.1366645,218.1941,195.8234145,155.4813225,132.430665,116.4751395,112.5784105,114.8617355
2018-01-27,2,111.414024,112.20652350000002,114.248406,110.92021399999999,111.85015,109.3428625,109.7234895,121.2537345,129.9377985,128.5909645,129.1035655,141.49535600000002,140.5429145,141.642625,137.2182185,119.7307895,120.97908000000001,125.098242,117.36006450000001,117.201652,115.00179399999999,111.3001855,108.5243615,107.4091375
2018-01-28,2,109.50892250000001,108.9705385,109.13812800000001,107.469225,108.8529855,106.62799999999999,107.85662549999999,107.24307749999998,109.6251645,110.675494,109.2572105,109.80564550000001,111.44876550000001,109.479425,110.3916625,108.76427450000001,113.9440355,112.296327,109.5351425,112.0430855,111.44177350000001,107.85837350000001,110.637475,112.08547450000002
2018-01-29,1,111.04475900000001,110.594649,109.4962495,111.68649350000001,111.6825605,111.82982949999999,111.5186855,156.2727295,193.13215,218.56423900000001,246.683878,257.0252645,241.41912050000002,239.52603650000003,243.026625,256.47988849999996,240.89777949999998,237.31722000000002,193.30826100000002,156.55131699999998,134.9091105,115.040687,107.39209450000001,105.8879405
2018-01-30,1,109.17090300000001,103.057273,103.6789055,108.50032649999999,100.83075799999999,105.60039450000001,108.09304250000001,138.9177115,182.090034,196.55648200000002,220.58754900000002,256.802176,242.3420645,236.86711,243.21977900000002,251.8813375,237.7706075,228.051946,192.7049825,157.33988349999998,133.8109295,115.3454945,109.815478,109.110597
2018-01-31,1,106.25917199999999,109.8873645,106.533608,104.58546199999999,105.40483700000001,106.650724,111.552553,140.2199715,177.2268795,209.923875,237.510811,235.397916,252.60413549999998,232.98349100000001,239.845702,237.6552395,229.3338855,223.831837,188.511749,163.898598,131.8990545,120.2211035,111.19224650000001,107.9400925
2018-02-01,1,112.2746955,106.65902700000001,108.5601955,109.4914425,112.03259750000001,109.938275,114.504488,150.3771625,176.0526605,209.4280985,232.04809249999997,247.78905099999997,239.63200899999998,236.139068,246.852123,242.25138700000002,235.847589,233.4456185,201.2006995,174.4820825,142.259669,119.69189650000001,111.70790649999999,115.6557645
2018-02-02,1,115.7632665,112.806743,113.83522250000001,112.67739099999999,107.8079,114.237481,113.0154105,150.9915845,188.094414,217.9683895,246.3659605,240.09566600000002,243.26435299999997,236.7086975,231.61284049999998,245.9267755,223.80474300000003,219.350402,206.6754355,165.4117105,140.9471395,117.2617395,110.84505,111.052625
2018-02-03,2,110.124,111.3731645,107.8260355,113.2557605,109.00965,109.1698105,107.1779645,120.9251105,130.7466855,133.6636605,138.4562395,147.411025,140.921575,140.1714645,130.499125,118.8567895,120.52088549999999,120.4444105,118.9004895,120.2149855,117.2398895,109.4685,108.98058950000001,107.6368145
2018-02-04,2,106.4604105,110.0001105,107.7023645,107.3016355,105.73215,106.1728645,105.5754855,104.1735895,108.3578645,108.0738145,104.8509395,106.4604105,108.39785,105.0694395,108.780225,109.9454855,110.00753950000001,109.2244355,112.7606395,110.3025145,111.2127855,108.8167145,109.9492,108.3141645
2018-02-05,1,108.4159855,109.1042605,108.1319355,110.5245105,108.8966855,112.014025,114.4321645,164.5158605,198.5253855,233.521875,258.037575,270.6631605,264.3122395,253.0302105,264.4140605,260.8088105,248.1213895,243.6893355,204.4104645,167.3965645,135.6520105,118.88585,113.15743549999999,112.9170855
2018-02-06,1,110.0840145,108.8276395,109.829025,109.086125,109.1772395,112.37455,113.2704,161.0307855,212.7388105,236.0964605,260.8708645,281.2532,261.4498895,261.6281855,265.794325,278.6056355,267.607875,252.3856355,230.1860355,172.7533105,135.852375,120.5864355,110.4299,110.8304105
2018-02-09,1,120.70988799999999,111.74548850000001,114.19509199999999,108.20272949999999,111.5479645,116.7351545,121.584325,172.979895,196.7485435,226.5117395,250.5908765,260.5394,261.9109245,246.2484075,240.50295,246.4166525,239.96740649999998,227.2109395,193.53419,146.400244,121.4276605,109.22225049999999,106.7846645,107.68248100000001
2018-02-10,2,105.337102,105.297335,107.9256715,106.43135,106.398575,107.89486299999999,105.8888145,113.1875885,117.410975,116.90055900000002,118.065164,116.36938549999999,116.436902,115.487301,113.8203645,120.88818400000001,117.5239395,116.371352,118.1785655,121.3074855,116.8854825,107.8273465,109.9017855,111.36945
2018-02-11,2,109.4031685,107.216202,107.96937150000001,106.3887425,105.4098625,106.12545,106.2943505,105.755311,104.3119,106.953128,106.4678395,105.05064850000001,104.8352075,106.88298950000001,106.64569850000001,104.6542895,106.813725,106.92253799999999,106.5115395,107.81095900000001,108.1170775,106.1073145,105.01241100000001,106.857425
2018-02-12,2,103.8995905,104.142781,102.342341,106.702727,103.61422950000001,103.514375,107.3899095,136.3621355,157.0479675,170.73218549999999,195.1491235,195.9234875,189.8474395,183.846337,200.9835105,197.853061,194.951381,178.6418855,162.589783,151.1729395,126.0061095,113.29334250000001,108.889475,108.538127
2018-02-13,2,112.3634065,108.06376350000001,106.334773,103.8488985,108.48525,106.3013425,105.557787,114.20995,134.2911925,139.16636450000001,144.9260245,150.598066,146.4424145,146.8387735,142.42900649999999,145.2188145,145.316047,144.3474365,139.16636450000001,129.340201,128.7402,114.20995,113.56690449999999,110.7358
2018-02-14,1,108.645192,111.030775,109.36908249999999,108.8857605,109.53405,109.56726200000001,113.17928549999999,143.0259485,167.862625,190.2372435,227.1270355,242.482997,230.271469,228.5984145,228.25362149999998,245.47120299999997,244.6835105,225.15922450000002,211.021619,157.0431605,130.814639,114.8691645,103.21503,111.834855
2018-02-15,1,105.5387775,105.929674,109.9904965,102.113353,105.9288,111.84709099999999,114.6978605,141.44007549999998,175.7808465,205.19335,228.870884,239.8948645,231.30104100000003,232.94940499999998,239.6252355,254.05825299999998,236.4508675,229.2429895,206.2122155,162.92146599999998,140.9580645,116.38446200000001,111.4605645,108.60236599999999
2018-02-16,1,109.84563100000001,110.52866200000001,105.81955,107.467477,112.417376,109.27185,118.0693155,149.9384145,178.15178999999998,216.7155105,217.5715935,224.1847145,229.8364355,221.2043745,231.474967,223.4308895,226.55937250000002,205.87310349999998,181.9595895,143.826314,126.9229355,115.846952,110.251167,109.367116
2018-02-17,2,114.0860605,110.984016,112.914245,112.733327,112.2653,115.26268300000001,109.92145049999999,117.1087895,119.09473600000001,117.5820605,124.60902050000001,133.93678549999998,126.70028400000001,127.603126,126.3841145,126.7699855,121.441426,122.3163,125.3305075,121.805884,119.0097395,111.00564750000001,105.1603355,106.3658
2018-02-18,2,105.7293095,108.1804425,105.76099199999999,104.72705,103.864412,108.814311,103.9223145,103.7230425,103.975847,104.6105895,104.542636,106.114525,110.7950135,104.9383395,106.0671105,107.68117,109.9673355,108.80098249999999,108.2923145,110.589405,108.1389275,108.3613605,108.63230049999999,105.43411599999999
2018-02-20,1,106.5989395,102.0869145,101.5004605,103.72566450000001,101.0162645,108.037325,113.16836049999999,146.9812355,188.7112395,238.4272,260.1024,256.5917605,260.9399105,247.1088605,259.130075,248.89335,255.065975,237.8116855,204.5961895,167.076025,126.9048,115.6120645,106.6535645,107.42181049999999
2018-02-21,1,109.2100145,104.25006450000001,107.0359395,110.80135,103.9878645,108.7109605,113.4052145,150.8596105,217.2399105,226.2823145,248.904275,257.1782145,249.144625,253.6385145,249.5560605,254.9967105,243.1430855,240.8379105,210.39365,172.1196605,131.8793895,102.2835645,107.3527645,105.9434395
2018-02-22,1,106.988525,103.73658950000001,110.58656450000001,110.7285895,106.3148895,110.724875,113.9003355,152.30913950000001,197.2908605,225.29535,259.2902355,272.677075,272.6480145,252.946525,266.1367145,268.241525,254.35585,245.9691645,215.757825,176.0417355,138.2665815,116.3003395,112.582125,112.5093645
2018-02-23,1,114.1044145,112.15976450000001,114.2346405,109.7781145,110.9396605,114.26086049999999,112.46195,143.2304645,193.0956605,232.0288645,256.180325,259.261175,270.5429855,254.650825,261.0382355,247.0798,250.97915099999997,220.9762605,196.5772395,157.1305605,131.9921355,113.9221855,110.7976355,112.3127145
2018-02-24,2,110.1093605,112.5312145,110.47622199999999,108.0991605,111.3137325,107.317149,107.4545855,116.00667549999999,115.510025,119.4838845,118.8996155,118.6382895,121.02736850000001,118.7186975,119.355625,122.59532450000002,119.45395,120.3050075,121.2921905,119.8181895,124.8314535,111.9635515,110.75765,111.75401000000001
2018-02-26,1,103.14314350000001,106.146426,103.106217,102.275917,105.917875,103.45975,107.447375,143.27372749999998,198.7775345,228.3362145,284.65743,287.01919649999996,295.5868,275.483052,282.4499245,286.879575,286.50703250000004,261.0421685,225.36461450000002,166.027225,131.060233,120.9360355,115.44666000000001,116.829328
2018-02-27,1,112.78008600000001,115.0181815,112.428301,115.873172,113.1320895,115.59239950000001,122.3781355,153.392681,205.97995,241.6948675,266.797677,280.783425,273.9266765,275.28574649999996,276.6356395,286.3575785,278.8547255,265.728775,218.751712,178.4583455,140.7212105,123.6454355,114.5213125,116.4969895
2018-02-28,1,115.30376100000001,114.42888700000002,112.1658825,111.7118395,112.1789925,111.7118395,117.65722450000001,153.931502,207.105225,256.797806,277.4008265,288.5255355,273.10599049999996,267.721495,280.980075,279.658587,285.9765145,266.497895,228.268261,179.5643925,142.2472145,112.4538655,115.05336000000001,107.4720655
2018-03-01,1,108.0576455,112.1982205,104.533022,107.5266905,108.2486145,102.26018499999999,117.1961895,151.5325905,199.7900635,228.649325,258.320751,271.2395635,277.83738950000003,273.03497799999997,290.7651605,273.692663,272.974235,256.5627,222.592942,174.1954105,141.051801,119.04753999999998,115.28781049999999,108.509722
2018-03-02,1,108.3434435,109.40535349999999,105.17410100000001,112.96384450000001,110.13536200000001,111.314825,113.81665,150.142275,203.18642749999998,230.431848,275.5968905,271.340292,281.438925,251.2066095,268.724847,266.46075,266.7935255,235.118673,210.4991855,168.5974405,140.6045315,118.743825,110.538276,109.902441
2018-03-03,2,107.99581,109.85764850000001,106.82333899999999,109.79035049999999,106.2784,107.81008500000002,106.87556049999999,113.891377,117.28315249999999,116.558825,120.361599,118.5980855,121.4250385,116.52277250000002,118.7147645,121.159124,119.38883700000001,123.5654645,120.65613700000002,119.32328700000001,119.10435,108.8567,108.1275655,107.4583
2018-03-04,2,105.9460615,105.008478,104.4882295,105.0502115,104.0861895,102.5033755,105.611975,103.58626149999999,104.4065105,105.91765649999999,111.4422105,105.0183105,103.738556,108.26238000000001,106.5661645,110.6848895,111.431941,110.8487645,106.66951499999999,108.0991605,112.80106200000002,106.1947145,106.4861935,104.6236995
2018-03-05,1,106.6443875,103.97541,104.55399799999999,105.36747350000002,104.27541049999999,105.92574099999999,109.4394395,146.520856,177.5895895,218.57538250000002,266.5418135,280.22625,285.9682115,265.0839815,272.420119,272.3932435,274.3923,256.593727,224.36017,177.5131145,140.973578,117.122992,110.07308950000001,111.61395149999998
2018-03-06,1,108.303895,108.028585,110.033978,106.879275,108.825236,106.9594645,115.344839,145.0558135,189.7054145,235.155381,260.817769,268.7840605,267.7295795,254.893797,279.865725,263.9115105,272.060905,247.77900000000002,216.835467,179.1846395,138.2377395,115.722844,109.967554,113.87346000000001
2018-03-07,1,107.93178950000001,106.439653,109.47571049999999,107.5708275,105.281603,106.573375,111.188969,145.4298855,204.369605,232.626025,259.0389605,274.33133849999996,275.21823,618.0235355000001,284.1843775,284.4470145,280.0442395,260.7786575,232.953775,178.30037,149.0460605,127.1707145,120.076675,123.4715095
2018-03-08,1,118.45606049999999,115.3961865,117.8189145,114.9928355,117.1708435,118.9951,122.07616850000001,160.030711,208.4199395,245.1314355,272.797687,272.57875,279.83054649999997,272.66615,285.12065,282.8017095,281.6465,255.2104035,221.6055405,177.9645355,144.37256399999998,119.27346899999999,110.23325,119.5568635
2018-03-09,1,113.72925,115.597862,114.657875,114.78591599999999,113.5581645,115.905073,120.9251105,150.2609205,201.5153395,233.8966025,273.3035145,276.347001,286.65015,262.27429,275.7214355,265.4737855,256.909678,233.9188895,198.662822,153.0664605,130.8524395,112.73944499999999,111.5296105,106.4861935
2018-03-12,1,105.7977,103.4254455,102.312625,101.419397,103.9367355,101.338552,105.8923105,156.1765895,177.4729105,207.6114895,265.2627145,257.993875,264.6290645,255.576391,252.0360355,257.78695550000003,257.7463145,238.93849,209.5415,169.21688799999998,138.911375,116.84658950000001,110.62414650000001,110.8631855
2018-03-13,1,107.555751,110.01846450000001,108.190712,109.1698105,106.648976,106.7628145,114.0969855,143.2767865,187.2944855,241.29828999999998,251.7139665,260.440638,265.4820885,258.9917645,268.969567,262.770285,271.047065,246.008713,214.3666355,160.717675,141.6467765,118.31775,112.5574345,109.3227605
2018-03-14,1,108.941041,108.3067355,109.18597949999999,110.6119105,105.87810800000001,107.5638355,113.893125,151.35058,207.7098145,230.221214,246.0928355,272.393025,268.88282250000003,262.2583395,270.71713,278.0121895,264.59148250000004,248.7004145,215.9254145,167.701372,135.88515,110.1058645,112.8078355,113.03507549999999
2018-03-15,1,112.319925,111.01198400000001,107.8662395,112.3419935,108.95873950000001,107.68357350000001,109.0315,145.9835645,190.943217,231.4935395,253.645725,276.2095645,261.4188625,265.3706535,266.580925,275.1817405,261.896722,254.9604395,204.6652355,170.814123,139.7598105,119.158975,115.9909435,112.0068145
2018-03-16,1,115.287155,111.5151895,106.1470815,109.7379105,109.2537145,112.02407600000001,115.4735355,152.7898395,185.1569,223.640431,257.0287605,259.3595,262.31580499999995,245.4701105,257.56911099999996,252.60413549999998,256.655781,233.46725,205.2189145,164.650675,132.3662075,110.3680645,107.70717150000002,108.5099405
2018-03-20,1,109.6505105,109.82771399999999,109.27185,109.0679895,108.13674250000001,110.069375,118.656425,151.461141,203.3105355,251.2240895,280.1867015,282.9830645,279.7309105,266.2228035,279.0207855,277.6407395,277.32347749999997,262.1600145,226.5335895,189.80417649999998,146.54795,124.2572355,113.6044865,115.31708950000001
2018-03-21,1,119.4056615,113.6053605,112.10863549999999,109.061653,112.9498605,112.616648,117.92445,157.42925,212.5386645,246.87593950000002,267.92557400000004,278.25975,267.3384645,261.261761,275.6414645,276.8432145,278.6545795,249.745063,225.415525,178.001025,141.848452,117.0248855,108.5252355,113.72793899999999
2018-03-22,1,111.3884595,109.3555355,104.08815600000001,110.3899145,108.3067355,110.02174199999999,119.478422,151.9302605,205.3119955,227.792805,254.1664105,269.5890145,274.4650605,262.551348,265.3099105,277.833675,265.6691245,263.500075,217.003275,181.5553645,136.75915,107.3872875,113.8531395,108.9041145
2018-03-23,1,106.3607745,106.7444605,102.4378255,101.6503515,105.99435,106.5124135,115.4044895,149.1181655,189.110002,224.77095,266.8175605,267.1750265,263.5584145,244.6835105,263.036855,257.1891395,252.60785,231.17562200000003,182.90635,156.085475,124.76655900000002,109.9891855,105.337976,103.0883
2018-03-24,2,106.85414750000001,104.869075,106.2347,107.493697,106.0854645,104.6796355,106.423047,112.9645,114.9019395,114.79268950000001,115.30550900000001,116.1910895,119.5669145,116.4401795,114.5814,117.787669,113.0519,115.7650145,118.179658,119.14805,117.0248855,106.27075249999999,110.45175,106.7990855
2018-03-26,1,106.312486,107.001198,106.2637605,107.2207905,106.7300395,110.4773145,107.949925,126.9618285,159.3448395,223.0847855,244.19800350000003,256.10385,254.8511895,238.61008450000003,255.459275,254.8948895,259.642239,241.366025,211.2822895,163.649508,141.28581450000001,126.413175,109.5792795,114.330125
2018-03-27,1,109.0824105,108.2411855,112.227281,107.1268355,107.79937849999999,109.850875,113.251172,129.8764,172.938817,203.084825,242.5496395,246.73609950000002,250.29175,231.8431395,251.395175,231.45989049999997,231.9851645,220.1241105,206.7641465,171.28215,138.8058395,124.89612949999999,106.2309855,106.508699
2018-03-29,1,108.45225649999999,110.27695,110.113075,108.7256,107.989255,110.5100895,112.886277,135.8486605,167.1924855,192.6512315,216.522575,212.239975,215.28040249999998,201.7482605,209.3704145,222.24268650000002,209.312075,207.824527,182.1378855,156.500625,134.016975,124.70909350000001,109.4285145,102.947149
2018-03-30,2,102.5348395,106.87556049999999,101.612114,102.2507895,104.519475,102.211241,104.1954395,103.8239895,116.366545,139.908172,133.316027,134.966576,131.28943950000001,130.0802605,135.914866,135.9360605,130.433575,134.793524,128.8640895,119.5813355,118.263125,112.20084250000001,105.26456,109.05335
2018-04-03,1,108.4015645,108.7511645,107.04315,106.12545,106.617075,104.781675,110.7504395,131.001675,175.4954855,215.3791645,252.269175,260.6305145,252.7352355,254.1008605,258.998975,258.2597895,252.7570855,235.8998105,214.9203145,170.703125,144.701625,125.2295605,109.7344145,114.4247355
2018-04-04,1,112.2799395,110.3387855,109.0315,107.9851035,106.549777,107.1779645,111.0161355,134.116611,180.6739355,233.4290125,263.653025,263.448072,254.26845,248.773175,265.829285,269.0134855,250.9435355,244.5816895,214.37340899999998,175.5391855,144.1673925,122.8771895,107.2806595,109.3811
2018-04-05,1,107.61343500000001,106.529675,108.6419145,108.6235605,107.8225395,108.96595,116.32568549999999,136.9485895,184.5702275,239.2575,276.7920855,272.8153855,264.083033,260.6414395,258.28382450000004,263.3871105,262.5935185,247.6734645,221.68136,170.010917,137.175611,118.2122145,108.40549750000001,106.7226105
2018-04-06,1,109.869666,106.521372,104.11088000000001,108.6344855,105.9792735,107.79916000000001,112.1387885,138.1013955,180.186025,229.23774550000002,265.676772,283.055825,266.9014645,265.1565235,273.540587,275.5903355,264.2392605,234.1883,206.966259,170.7758855,143.1098525,131.6062645,110.47862549999999,112.3262615
2018-04-07,2,112.1982205,110.2575035,111.674039,109.033248,111.93755,107.30928300000001,107.5856855,111.2127855,119.72554550000001,116.6171645,123.88010449999999,128.0477735,121.4787895,124.60836499999999,117.6550395,116.79480500000001,119.3737605,119.1224855,121.9039905,121.9704145,119.96961,117.935375,108.105497,109.2899855
2018-04-08,2,106.9813145,106.69202050000001,106.191,109.71671599999999,106.86463549999999,104.0438005,104.694275,107.294425,105.20775,104.832367,104.6761395,109.243445,107.3709,107.317149,109.6251645,110.9543,107.7386355,109.2790605,112.0468,110.34818100000001,109.6033145,108.90629950000002,108.7546605,109.349199
2018-04-09,1,108.37643700000001,108.4050605,107.16201399999999,109.9345605,106.853055,106.6717,110.7285895,129.3849935,171.4532355,228.19178599999998,255.0369145,282.7986505,263.8328505,257.1262115,267.2947645,272.4050425,269.771025,248.636831,222.24421600000002,185.058575,138.1796185,127.665617,113.188244,114.08649750000001
2018-04-10,1,111.162749,109.649855,109.3153315,109.8218145,108.5864155,108.146575,114.269819,133.7838355,178.812534,224.6470605,262.4479975,273.81546000000003,272.0287855,261.143334,275.7616395,278.745694,274.9020605,258.269622,230.9053375,181.4024145,143.47146999999998,128.532625,110.017372,109.6723605
2018-04-11,1,109.7012025,108.31744199999999,108.0755625,107.6167125,107.43666850000001,111.10353549999999,116.9457885,143.8129855,189.81684950000002,239.9713395,274.751077,284.0681355,280.5319315,261.1365605,274.7132765,285.721525,273.0950655,258.649375,226.36315950000002,179.8108605,141.515895,124.8581105,106.32078899999999,105.69893799999998
2018-04-12,1,107.7132895,106.958809,106.39136450000001,106.7794205,106.245625,105.9137235,112.0832895,134.03663999999998,184.9639645,240.512127,277.98706200000004,290.462975,275.97817299999997,266.1839105,282.507827,283.8752,275.99740099999997,263.2415895,244.6909395,185.2187355,151.383355,130.835178,111.63165,109.8943565
2018-04-13,1,107.6040395,105.662667,104.5218785,106.727636,104.078542,104.006,111.18809499999999,143.5691395,185.0876355,233.83913700000002,265.1279,269.3084605,267.0360605,258.8912545,267.3965855,274.6656435,267.127175,235.9181645,209.57296399999998,175.019374,133.2996395,124.8946,106.64067299999999,101.9448895
2018-05-08,1,107.64817649999999,105.3788355,104.3737355,105.17388249999999,106.9520355,104.6805095,111.5807395,142.2362895,336.1895625,305.648725,314.571828,349.0137645,349.668609,318.026313,358.4022725,363.19266650000003,359.7019105,335.15605750000003,220.7031355,182.6373765,151.1436605,121.0758755,104.6359355,102.0244235
2018-05-09,1,112.67651699999999,111.19880149999999,111.343667,113.512498,108.45487849999999,107.731425,108.2376895,146.8610605,323.68174849999997,276.5373145,315.1681145,322.123625,303.7514895,310.433875,318.3944855,333.4430175,327.935725,309.1737855,231.9777355,180.34312649999998,149.49660749999998,120.32795,110.7648605,106.066455
2018-05-11,1,109.05335,104.1119725,105.14438500000001,104.432075,106.865728,104.1770855,111.68605649999999,151.5953,294.5338485,276.902428,330.7471645,310.468398,326.8941355,298.9444895,339.2594875,301.9816395,320.39966,282.575125,218.8126735,165.3461605,146.19835,117.7450615,107.4146,103.851739
2018-05-12,2,102.39347,105.9355735,102.66593950000001,102.9246435,103.89675,101.821,105.3679105,111.7918105,217.95790150000002,151.8319355,152.6915145,152.261725,161.6556955,130.1313895,116.842875,118.465456,117.673175,113.8859145,115.816799,112.6295395,111.91526299999998,101.5113855,104.217945,101.05625
2018-05-15,1,111.61417,107.45589650000001,109.726767,104.9674,108.0701,110.0765855,113.4441075,148.3215145,294.65533450000004,268.027395,326.4827,305.41427450000003,329.7420645,324.3669645,347.145808,374.3051395,366.2822565,333.85270499999996,228.8496895,186.9304645,158.5595505,131.1692645,109.5832125,108.2958105
2018-05-24,1,111.471708,110.64184499999999,110.7941395,103.732875,105.058733,108.2158395,109.16675149999999,300.9144855,258.0373565,292.320225,303.8764715,323.1905605,316.573725,312.180564,334.9677105,340.167355,338.9372,301.9672185,279.22115,191.967108,142.9354895,117.88118700000001,110.73077450000001,110.38904050000001
2018-05-25,1,115.7357355,113.72925,110.86012649999999,106.70316399999999,107.2981395,108.78328400000001,108.44155,285.501714,240.8925355,283.7441,299.74332549999997,307.2584145,328.41424,323.79515,339.980319,354.38515,368.4493395,328.0513115,304.4616145,214.266344,160.389925,128.4170385,122.9680855,129.931025
2018-05-26,2,123.747475,129.04041899999999,121.7436115,116.7954605,123.27507800000001,115.5792895,116.7810395,133.23190449999998,125.1203105,129.81521999999998,128.7583355,130.302475,143.991063,132.9718895,144.6979105,135.3351855,133.2922105,139.616256,131.9156605,133.746035,110.7832145,105.7065855,106.18335249999998,105.1931105
2018-05-28,1,111.483944,108.0318625,106.0671105,104.225374,101.5441605,104.7438745,116.29531399999999,299.0318895,272.444591,267.5495355,313.6786,316.2837755,301.0892855,302.7973,311.0091855,334.0355895,326.0380525,315.3354855,265.912315,204.6617395,153.4488355,125.95563600000001,116.7810395,110.81904850000001
2018-05-29,1,115.1348605,109.99246299999999,109.0085575,107.731425,103.3699465,104.3846605,110.959981,276.0893895,235.44358250000002,282.1709,315.10999350000003,332.4331105,310.33555,303.2734115,314.0572605,333.02043849999995,320.5759895,314.76804100000004,280.1897605,212.28105299999999,152.4437355,130.7222135,113.674625,110.5173
2018-05-30,1,109.3374,106.6902725,107.4410385,106.5915105,106.1440225,103.737245,107.5481035,278.930108,237.7426395,276.9236225,315.4084645,308.0485105,309.1431955,303.15323650000005,324.3267605,325.9583,326.05618799999996,318.1576315,293.3945895,207.37245049999999,156.9741145,120.10945,106.6662375,110.6521145
2018-05-31,2,113.8876625,111.9102375,107.491075,107.86558400000001,102.6366605,105.51146499999999,102.9062895,114.16625,126.9404155,128.9768355,146.646275,153.1975605,160.4299105,154.42531200000002,158.9550355,154.5107455,160.57565,151.7445355,143.9550105,132.411,130.402985,119.19175,119.5669145,121.1654605
2018-06-01,1,116.634426,110.5843795,109.51897350000002,112.2143895,110.024801,114.8835855,118.3843925,307.2619105,252.8335605,267.6941825,306.0710855,295.40544500000004,300.3428895,278.5073105,302.5737745,303.1178395,293.956353,273.36535,245.96982000000003,178.612825,138.1429105,121.21506000000001,106.78095,109.972361
2018-06-05,1,102.14875,102.723842,101.800024,101.630031,103.772642,102.66943549999999,107.6888175,269.552525,220.59301150000002,272.0762,296.229627,306.5592145,288.42,290.3115545,300.1715855,311.644802,293.809084,300.0077105,246.6023775,181.32987250000002,144.6725645,117.50624099999999,105.2442395,109.3374
2018-06-20,0,103.7001,103.762591,104.60119399999999,101.875625,101.4650635,103.951375,109.90834050000001,425.364875,303.069114,381.87245,444.1158895,468.24812199999997,472.53181449999994,475.266342,481.257175,505.674987,526.5266605,490.5799145,420.90922300000005,192.8334605,153.3732345,120.0694645,102.937535,104.7198395
2018-06-28,0,105.436301,103.7505735,110.4152605,103.741178,109.224217,105.3607,112.76785,436.275017,301.8758855,325.33120499999995,323.5985,347.9247605,358.4319885,353.38005,391.229494,386.2352395,391.57122799999996,359.9715395,350.271669,183.5362855,142.3309,119.991897,117.969898,109.9564105
2018-06-29,0,105.429309,109.04898,103.614011,109.2063,102.258,104.137974,118.3044215,405.9255855,278.9722785,330.4124225,345.93925099999996,357.892075,343.886225,361.5738,360.80905,366.9052,351.3517145,303.2196605,281.613725,171.15105,134.5595105,116.61345,104.12770450000001,105.82676049999999
2018-07-02,0,108.867625,102.106798,102.587498,103.317725,102.595801,107.2688605,112.37039850000001,442.72732199999996,277.01124100000004,310.8890105,364.01094900000004,387.6445645,349.6399855,368.61190350000004,374.3706895,395.42032400000005,405.73265,365.7325105,338.480972,207.2107605,156.2849655,122.7679395,113.742797,108.85538899999999
2018-07-03,0,110.6337605,108.348469,105.585755,108.697195,104.183859,110.01475,108.11948100000001,397.0291395,283.233684,321.12945,376.6894115,356.63176699999997,354.592725,371.7303355,382.4149855,364.017941,383.6805375,342.97682799999995,296.908725,181.3508485,139.56993400000002,114.1625355,115.34178,103.2825465
2018-07-05,0,110.981831,102.9172145,109.16369250000001,102.400025,106.3389245,106.3716995,115.131583,402.484866,285.5941395,321.9525395,381.2825,393.179825,380.2701895,399.5956405,395.5992755,416.362675,410.9253025,397.21115,355.9218605,199.6751325,158.87135,120.79117,112.43420049999999,104.1333855
2018-07-06,0,110.21970300000001,103.60439699999999,109.9874375,106.41736599999999,107.96456450000001,109.305499,117.3373405,403.121575,280.1753395,321.4609145,349.18244649999997,382.7064645,372.9084875,374.897056,387.26066000000003,419.644108,389.618275,388.436627,324.66128399999997,175.8778605,136.773134,111.8975645,106.250869,102.7341115
2018-07-08,2,106.6972645,104.58393249999999,108.7690815,108.61766100000001,108.9150395,104.66805500000001,107.512925,104.7936925,104.111317,113.2229855,110.89027949999999,135.8268105,423.86377999999996,248.29837450000002,229.9640395,133.630667,101.7954355,109.8362355,105.1354265,111.0854,106.25065049999999,115.6120645,106.6754145,109.3166425
2018-07-09,0,107.89202250000001,104.26448549999999,112.854813,109.97979,111.71249499999999,111.6681395,120.69896299999999,318.9625855,378.12080499999996,350.14625,379.28104,431.55563550000005,448.112473,440.19731050000007,479.9883455,495.656325,498.74482249999994,491.66498550000006,286.06457,177.43336200000002,141.3233965,114.51453899999998,117.553,109.3524765
2018-07-10,0,111.2228365,103.8327295,105.1494105,111.1992385,104.6691475,111.1472355,112.145125,319.6180855,395.6084525,340.9511145,369.2044755,409.4290145,427.077041,429.02649800000006,464.72043949999994,452.982401,447.911016,429.166775,266.88005150000004,174.1045145,144.331486,122.9645895,114.9045615,107.11809550000001
2018-07-11,0,112.5237855,103.9839315,109.11453,102.67315,108.1319355,103.114083,116.5004855,325.69173,389.9278895,338.012508,372.8630395,388.538885,427.309525,390.40443799999997,423.1870855,437.28405,430.91848949999996,410.3794895,311.17458999999997,180.9579855,150.47505049999998,122.07595,116.9593355,104.0896855
2018-07-12,0,111.863697,106.6544385,108.47410649999999,108.681463,105.4990105,110.544394,109.8436645,325.0062955,366.9998105,315.88108,367.4368105,351.60735950000003,386.6831645,373.64679900000004,371.439075,401.5844275,392.480625,368.8828435,290.816508,182.0251395,153.2342685,122.11243950000001,109.79930900000001,108.255825
2018-07-13,0,105.29536850000001,108.9779675,102.81954499999999,109.51941049999999,102.2643365,109.9419895,106.249995,319.829375,347.83015,317.9749655,357.7319145,368.23368,370.0050595,350.4375105,371.82013900000004,379.2723,378.724302,359.6328645,270.711449,169.4089495,132.0869645,114.98671750000001,110.8487645,109.881028
2018-07-17,0,113.262097,105.098937,111.75685049999998,104.606875,112.223785,104.1080395,117.56829499999999,308.71865,356.3920725,329.7966895,374.539153,420.27011050000004,424.8127255,432.85308849999996,464.46173550000003,472.50952750000005,450.56513550000005,412.787141,279.7929645,174.477494,148.540233,117.84688249999999,117.224376,107.221883
2018-07-18,0,114.9312185,106.17788999999999,111.78569250000001,105.5846625,111.63165,107.92086450000001,120.9106895,311.5737895,362.3545005,325.693041,372.4588145,369.3198435,388.593947,382.49801549999995,420.32473550000003,436.53525049999996,444.07350049999997,390.688925,287.606306,177.5895895,146.1876435,121.9704145,113.94185049999999,113.82517150000001
2018-07-19,0,112.19975,114.2765925,104.83498900000001,106.06579950000001,107.10564099999999,102.198131,115.422625,308.753173,359.9387645,307.962203,363.6349105,376.964503,370.9297515,375.7507355,419.7880995,452.437025,427.437566,375.7896285,306.391625,187.2695765,144.373875,116.495897,114.9674895,108.47061049999999
2018-07-20,1,106.29151,110.11722649999999,102.4889545,109.06449350000001,103.229888,111.4513875,114.810825,144.1542825,180.67043950000001,209.6264965,242.218175,305.82505449999996,381.7240885,368.6385605,370.019699,373.9409,370.678695,347.328911,275.7651355,165.32649550000002,138.0118105,117.68978100000001,108.405716,107.6403105
2018-07-24,0,110.6921,103.244309,108.48896450000001,106.7409645,106.3039645,109.9109625,112.9284475,208.7402605,309.2649,350.3391855,349.6246905,351.50095,336.480823,345.0007935,363.0183035,378.0843155,364.8427785,351.8324145,259.68309849999997,166.25228,134.4008795,121.90552,104.9964605,110.679864
2018-07-27,0,106.0426385,111.549494,101.2915745,108.0519645,103.74358149999999,108.00455,113.220145,310.4520105,357.733444,323.9225355,350.9273875,359.8841395,370.3070265,359.81858950000003,400.5893785,432.9796,394.5513495,361.1112355,263.3984725,156.1438145,133.56249499999998,125.025263,113.16115,113.10608799999999
2018-09-26,0,108.168425,111.8136605,104.4502105,112.7497145,103.67825,112.5275,113.94775,390.0662,445.6963,476.34813550000007,613.30765,627.4955105,638.4497895,637.9253894999999,640.1138855,660.6384644999999,637.0404645,619.261775,549.3454895,187.025075,135.721275,124.534075,102.5164855,106.2965355
2018-10-29,1,101.5620775,101.3689235,104.5778145,100.813278,100.72216350000001,103.8676895,119.005151,283.5411135,241.77025,298.1675035,284.8184645,334.3886855,308.5558675,300.8511205,338.3763105,330.4784095,293.3653105,248.8878875,212.5749355,175.770577,133.2069955,109.53033549999999,105.93753999999998,101.632653
2018-10-30,1,106.19318500000001,107.8478855,101.781233,102.2398645,102.252319,102.92049200000001,124.648569,252.422125,240.66048849999999,255.6434705,315.1134895,318.5325775,320.225297,324.5963895,304.8361235,337.8156395,293.9832285,248.40391,219.4139855,183.0210625,143.54073449999999,113.7692355,104.40738449999999,103.62515450000001
2018-11-07,1,102.0113135,104.0639025,104.4287975,106.74402350000001,103.141614,101.674605,109.2462855,149.97687050000002,291.4495025,286.3698145,282.967988,337.520883,302.0034895,319.8649905,308.0681755,315.32543450000003,298.8605855,279.145986,221.247419,192.4257395,153.1293885,125.63902949999999,105.284225,109.7470875
2018-11-14,1,104.27934350000001,108.1271285,104.758077,109.28496000000001,102.47540749999999,104.95756750000001,112.0841635,152.1197,243.47455,306.7038615,275.1642605,322.7837135,286.1862745,306.609251,302.0544,340.4682295,329.42283599999996,272.2000895,234.80468849999997,197.7689385,150.207825,123.6069795,114.16188000000001,110.84505
2018-11-15,1,109.30243999999999,107.9671865,103.7558175,108.352402,102.3565435,105.2376845,108.61678700000002,147.9653595,250.51396450000001,308.552153,282.340456,317.5204855,328.297998,329.6074685,295.3982345,322.2728605,353.11348,259.0372125,225.96264900000003,203.64855500000002,172.0213355,116.823647,105.40177800000001,101.37963
2018-12-04,1,104.3811645,100.7285,105.3679105,101.7154645,102.2289395,104.4357895,109.3738895,157.003175,199.5488395,240.142425,336.5409105,327.85925,296.2385855,291.0601355,277.8845855,277.7936895,264.7964355,265.007725,230.4919355,195.2225395,154.4757855,123.5798855,109.4538605,110.0366
2018-12-05,1,107.1596105,105.5501395,107.1342645,102.989975,105.065725,100.6885145,104.9055645,157.658675,194.6981395,235.269875,259.304875,264.505612,262.2727605,249.669025,258.1321855,253.2814855,271.6791855,255.4883355,225.2553645,183.9951355,146.5079645,120.5973605,110.5245105,105.7502855
2018-12-06,1,107.294425,106.6133605,103.177885,103.40621750000001,105.77585,100.9616395,107.4545855,154.3337605,193.208625,222.078156,252.771725,255.5429605,253.9479105,251.2350145,251.7557,261.0201,257.7572395,252.17085,218.5509105,187.7314855,149.4612105,116.8028895,109.4210855,109.3883105
2018-12-13,1,106.4459895,104.9274145,105.0292355,102.5055605,104.3119,103.1466395,111.0563395,149.617875,191.2384105,228.5874895,261.0784395,261.2785855,262.5933,252.6443395,276.872275,284.9277145,275.4411,250.4047145,226.2495395,176.1693395,142.9027145,120.1240895,101.40585,104.235425
