Date,Power_kW,temp_C,HR,windSpeed_m/s,windGust_m/s,pres_mbar,solarRad_W/m2,rain_mm/h,rain_day,Holiday
2017-03-22 18:00:00,580.5603995,9.753333333333336,51.247499999999995,7.587416666666666,9.477500000000001,1018.9166666666666,25.256083333333336,0.0,0.39999999999999997,0.0
2017-04-18 08:00:00,481.5396955,17.215,44.42916666666667,0.0,0.0,1015.4166666666666,63.04999999999999,0.0,0.0,0.0
2017-04-19 08:00:00,458.43244649999997,18.04416666666667,54.097500000000004,0.0,0.0,1010.0,431.86666666666673,0.0,0.0,0.0
2017-04-21 14:00:00,570.8139884999999,20.430833333333336,30.76833333333333,0.0,0.0,1018.0,709.4499999999999,0.0,0.0,0.0
2017-05-03 14:00:00,470.9112,27.601666666666663,23.089166666666667,0.0,0.0,1010.0,804.2333333333332,0.0,0.0,0.0
2017-05-03 15:00:00,496.478322,27.46166666666667,23.5275,0.0,0.0,1009.0833333333334,694.4666666666667,0.0,0.0,0.0
2017-05-03 16:00:00,492.65195,25.955833333333334,25.8275,0.0,0.0,1009.0,440.4666666666667,0.0,0.0,0.0
2017-05-03 17:00:00,467.1969185,24.269166666666667,27.650833333333335,0.0,0.0,1009.0,292.8666666666667,0.0,0.0,0.0
2017-05-04 08:00:00,466.879875,16.590833333333332,70.9025,0.0,0.0,1007.5833333333334,207.66666666666666,0.0,0.0,0.0
2017-05-08 00:00:00,455.385901,18.183333333333334,46.964166666666664,0.0,0.0,1016.8333333333334,0.08283333333333334,0.0,0.0,0.0
2017-05-08 15:00:00,463.7830745,23.97583333333333,31.760000000000005,2.8809166666666672,3.7527500000000007,1014.5,725.8833333333333,0.0,0.0,0.0
2017-05-08 16:00:00,486.93446050000006,24.423333333333336,29.293333333333337,2.9876666666666676,4.046166666666667,1013.9166666666666,573.5083333333333,0.0,0.0,0.0
2017-05-08 17:00:00,462.5686515,23.221666666666664,36.44166666666667,3.836583333333334,4.7171666666666665,1013.0833333333334,379.1583333333333,0.0,0.0,0.0
2017-05-15 16:00:00,479.57494349999996,25.787499999999998,39.4425,3.349083333333333,4.255833333333333,1024.0,573.8833333333332,0.0,0.0,0.0
2017-05-16 08:00:00,477.60101449999996,22.24,49.698333333333345,2.28875,3.1239166666666662,1024.0,411.06666666666666,0.0,0.0,0.0
2017-05-16 12:00:00,489.52018949999996,27.493333333333336,27.909999999999997,4.102166666666667,4.863833333333333,1022.0,937.0833333333334,0.0,0.0,0.0
2017-05-16 13:00:00,475.0725325,29.024166666666662,23.76166666666667,1.951416666666667,2.893166666666666,1021.0833333333334,938.9166666666666,0.0,0.0,0.0
2017-05-16 14:00:00,519.4909605,29.882499999999997,21.6425,1.4169166666666666,1.8867499999999995,1021.0,629.1166666666667,0.0,0.0,0.0
2017-05-16 15:00:00,504.87484000000006,26.080000000000002,44.6625,4.93025,6.037333333333334,1020.8333333333334,265.40833333333336,0.0,0.0,0.0
2017-05-16 16:00:00,530.070075,25.11333333333333,42.055,5.8509166666666665,6.960583333333333,1020.3333333333334,351.4583333333333,0.0,0.0,0.0
2017-05-16 17:00:00,493.5165545,23.72333333333333,43.44083333333333,5.387583333333333,6.6665,1020.5,128.70833333333334,0.0,0.0,0.0
2017-05-17 08:00:00,490.9998715,20.48416666666667,42.76666666666667,3.999,4.842666666666665,1019.6666666666666,327.45000000000005,0.0,0.0,0.0
2017-05-17 13:00:00,480.2193,21.95583333333333,47.93583333333334,6.600666666666666,8.030499999999998,1019.0,932.5,0.0,0.0,0.0
2017-05-22 08:00:00,507.546658,19.12666666666667,63.836666666666666,1.8955,2.5578333333333325,1018.0,499.64166666666665,0.0,0.0,0.0
2017-05-22 13:00:00,456.88874400000003,23.642500000000002,34.69166666666666,3.757916666666666,4.9898333333333325,1017.3333333333334,926.25,0.0,0.0,0.0
2017-05-22 14:00:00,469.05023550000004,22.971666666666664,38.50833333333333,5.298749999999999,6.8135,1017.0,849.5,0.0,0.0,0.0
2017-05-22 15:00:00,479.3289125,22.242499999999996,40.2725,5.8629999999999995,7.443833333333333,1016.6666666666666,728.8916666666665,0.0,0.0,0.0
2017-05-23 12:00:00,471.68316050000004,28.739166666666673,29.779166666666665,1.5968333333333333,2.369,1014.5833333333334,961.25,0.0,0.0,0.0
2017-05-23 13:00:00,480.49417300000005,30.04583333333333,27.44083333333333,1.5986666666666665,2.2222499999999994,1014.0,930.6666666666666,0.0,0.0,0.0
2017-05-23 14:00:00,530.070075,31.075000000000006,24.9575,1.4413333333333334,2.033583333333333,1013.5833333333334,844.6666666666666,0.0,0.0,0.0
2017-05-23 15:00:00,522.7439885,31.08083333333333,25.4075,2.9805833333333336,3.9625,1013.0,710.4583333333334,0.0,0.0,0.0
2017-05-23 16:00:00,558.1608719999999,28.995833333333334,32.152499999999996,5.5207500000000005,6.582750000000001,1013.0,544.1250000000001,0.0,0.0,0.0
2017-05-23 17:00:00,475.54711449999996,27.430000000000003,35.46,5.807416666666668,7.084833333333333,1013.0,358.9583333333333,0.0,0.0,0.0
2017-05-24 08:00:00,478.76998949999995,20.50166666666667,66.545,2.3220000000000005,3.2915833333333335,1016.0,501.28333333333336,0.0,0.0,0.0
2017-05-24 11:00:00,510.10288949999995,26.614166666666666,37.711666666666666,1.10775,1.6561666666666666,1015.4166666666666,891.9166666666666,0.0,0.0,0.0
2017-05-24 12:00:00,513.82023,27.307500000000005,36.29916666666667,1.7506666666666666,2.5787499999999994,1015.0,920.25,0.0,0.0,0.0
2017-05-24 13:00:00,538.3221645,27.93166666666666,29.65166666666667,2.0494166666666667,2.977,1015.0,911.25,0.0,0.0,0.0
2017-05-24 14:00:00,538.515974,27.889166666666668,27.5775,3.669,4.5075,1014.3333333333334,837.9166666666666,0.0,0.0,0.0
2017-05-24 15:00:00,496.1866245,28.132499999999993,27.873333333333335,4.324000000000001,5.346416666666666,1014.0,704.775,0.0,0.0,0.0
2017-05-24 16:00:00,483.595125,27.566666666666666,28.098333333333333,4.8183333333333325,5.890499999999999,1013.5,538.3083333333333,0.0,0.0,0.0
2017-05-24 17:00:00,481.0048075,26.622500000000002,28.326666666666668,5.089166666666667,6.1226666666666665,1013.0,347.82500000000005,0.0,0.0,0.0
2017-05-25 09:00:00,506.578703,23.270833333333332,41.99,2.8529166666666668,3.6058333333333334,1014.0,691.9416666666666,0.0,1.1999999999999997,0.0
2017-05-25 10:00:00,477.87763550000005,23.760833333333334,41.62666666666667,2.547166666666666,3.1657500000000005,1014.0,826.8333333333334,0.0,1.1999999999999997,0.0
2017-05-25 11:00:00,535.8579215,27.27,31.174166666666668,1.5392499999999998,2.3689166666666663,1013.5833333333334,917.4166666666666,0.0,1.1999999999999997,0.0
2017-05-25 12:00:00,576.3337355,27.109999999999996,32.70583333333334,3.3282499999999993,4.025333333333334,1013.0,875.0833333333334,0.0,1.1999999999999997,0.0
2017-05-25 13:00:00,526.3665,25.821666666666662,35.825,4.449916666666667,5.911749999999999,1012.9166666666666,921.5833333333334,0.0,1.1999999999999997,0.0
2017-05-25 14:00:00,501.5328825,26.256666666666664,33.29416666666666,5.232916666666667,6.646249999999999,1012.0,828.0,0.0,1.1999999999999997,0.0
2017-05-25 15:00:00,498.8282895,26.499166666666667,33.7,4.860333333333334,6.248,1012.0,700.2416666666664,0.0,1.1999999999999997,0.0
2017-05-25 16:00:00,484.58951849999994,24.6575,37.322500000000005,6.008416666666666,7.337333333333333,1012.0,542.025,0.0,1.1999999999999997,0.0
2017-05-25 17:00:00,483.835475,23.44,41.00083333333333,5.454249999999999,6.729499999999999,1011.1666666666666,356.1666666666667,0.0,1.1999999999999997,0.0
2017-06-07 15:00:00,469.00063600000004,30.77,23.566666666666663,2.4966666666666666,3.4171666666666667,1015.0,760.8333333333334,0.0,0.0,0.0
2017-06-12 14:00:00,461.089625,30.235833333333332,29.5625,3.8487500000000003,4.842666666666667,1012.0,861.4166666666666,0.0,0.0,0.0
2017-06-12 15:00:00,537.7995125,30.041666666666668,29.543333333333337,4.423583333333333,5.513833333333333,1011.1666666666666,744.1166666666668,0.0,0.0,0.0
2017-06-12 16:00:00,514.32715,29.546666666666663,29.861666666666665,4.701416666666667,5.848916666666665,1011.0,587.6166666666667,0.0,0.0,0.0
2017-06-12 17:00:00,456.594206,26.757500000000004,38.415,6.562,8.009916666666667,1010.9166666666666,375.7833333333333,0.0,0.0,0.0
2017-06-13 10:00:00,494.60031449999997,26.02333333333333,38.42083333333333,1.7558333333333336,2.3899166666666667,1012.0,834.5833333333334,0.0,0.0,1.0
2017-06-14 08:00:00,483.95193550000005,21.718333333333334,55.44166666666667,2.0791666666666666,2.977166666666667,1015.0,538.1249999999999,0.0,0.0,0.0
2017-06-15 10:00:00,480.76117999999997,22.544166666666666,43.087500000000006,4.4950833333333335,5.639416666666666,1018.0,840.8333333333334,0.0,0.0,1.0
2017-06-16 08:00:00,475.420603,20.815833333333334,58.39166666666668,2.4738333333333333,2.977,1019.0,533.3249999999999,0.0,0.0,0.0
2017-06-16 12:00:00,498.0705315,30.822499999999994,31.709166666666665,1.5270833333333333,2.306083333333333,1017.8333333333334,942.5,0.0,0.0,0.0
2017-06-19 09:00:00,459.41088949999994,28.62307692307692,31.31692307692308,2.0399230769230767,3.0383076923076926,1014.0,697.9076923076923,0.0,0.0,0.0
2017-06-19 10:00:00,599.9015825,29.69083333333334,29.189166666666665,3.1690833333333335,4.235,1014.0,820.1666666666666,0.0,0.0,0.0
2017-06-19 11:00:00,601.454025,30.57916666666667,28.540833333333335,3.8260833333333335,4.8637500000000005,1013.6666666666666,899.5,0.0,0.0,0.0
2017-06-19 12:00:00,556.2094485,32.873333333333335,23.439166666666665,2.5995833333333334,3.7319166666666668,1013.0,934.0,0.0,0.0,0.0
2017-06-19 13:00:00,495.3541395,34.19416666666667,20.79083333333333,3.2477500000000004,4.675000000000001,1012.4166666666666,923.0833333333334,0.0,0.0,0.0
2017-06-20 08:00:00,496.920566,25.653333333333336,42.472500000000004,1.5130000000000001,2.285083333333333,1015.75,510.9083333333333,0.0,0.0,0.0
2017-06-20 09:00:00,570.973275,27.827499999999997,36.520833333333336,1.554916666666667,2.306083333333333,1015.5833333333334,678.775,0.0,0.0,0.0
2017-06-20 10:00:00,580.9882225,29.361666666666668,31.037500000000005,0.18175,0.41924999999999996,1015.0,808.3333333333334,0.0,0.0,0.0
2017-06-20 11:00:00,492.268264,28.27083333333333,37.142500000000005,0.03841666666666667,0.2935,1015.0,888.9166666666666,0.0,0.0,0.0
2017-06-20 12:00:00,489.0102105,27.580833333333334,39.483333333333334,0.0,0.0,1015.0,925.9166666666666,0.0,0.0,0.0
2017-06-20 13:00:00,475.36728899999997,27.55916666666667,39.59166666666666,0.0,0.0,1015.0,915.0,0.0,0.0,0.0
2017-06-20 14:00:00,481.83794800000004,26.19583333333333,44.787499999999994,0.0,0.0,1015.0,849.1666666666666,0.0,0.0,0.0
2017-06-20 15:00:00,538.8172855,26.87833333333334,42.43833333333334,0.0,0.0,1014.4166666666666,743.875,0.0,0.0,0.0
2017-06-20 16:00:00,506.866686,26.081666666666663,46.406666666666666,0.0,0.0,1014.0,589.5416666666666,0.0,0.0,0.0
2017-06-20 17:00:00,463.15816449999994,24.411666666666665,55.63583333333332,0.0,0.0,1014.0,400.74166666666656,0.0,0.0,0.0
2017-06-21 08:00:00,503.3366,20.515000000000004,69.41749999999999,0.0,0.0,1016.5833333333334,169.675,0.0,0.0,0.0
2017-06-21 09:00:00,588.544608,20.64166666666667,68.43916666666667,0.0,0.0,1017.0,191.54166666666666,0.0,0.0,0.0
2017-06-21 10:00:00,529.186898,20.78916666666667,68.23333333333335,0.0,0.0,1017.0,265.0,0.0,0.0,0.0
2017-06-21 11:00:00,544.5712645,21.71833333333333,64.15083333333335,0.0,0.0,1017.0,468.2416666666666,0.0,0.0,0.0
2017-06-21 12:00:00,559.51732,21.9825,62.26666666666666,0.0,0.0,1017.0,547.2083333333334,0.0,0.0,0.0
2017-06-21 13:00:00,549.006159,22.309166666666666,58.40166666666667,0.0,0.0,1017.0,727.5750000000002,0.0,0.0,0.0
2017-06-21 14:00:00,567.29155,22.138333333333332,57.04166666666666,0.0,0.0,1017.0,760.5333333333333,0.0,0.0,0.0
2017-06-21 15:00:00,601.885344,22.234166666666663,55.80083333333332,0.0,0.0,1016.25,732.4583333333334,0.0,0.0,0.0
2017-06-21 16:00:00,545.3578645,22.473333333333333,55.214166666666664,0.0,0.0,1016.4166666666666,564.2750000000001,0.0,0.0,0.0
2017-06-21 17:00:00,549.2515344999999,21.96916666666667,53.729166666666664,0.0,0.0,1017.0,409.9083333333333,0.0,0.0,0.0
2017-06-21 18:00:00,482.4862375,21.281666666666666,54.4925,0.0,0.0,1016.9166666666666,227.16666666666666,0.0,0.0,0.0
2017-06-22 08:00:00,584.9255925,19.85833333333333,60.560833333333335,0.0,0.0,1020.4166666666666,496.52500000000003,0.0,0.0,0.0
2017-06-22 10:00:00,492.73825750000003,21.4575,51.92333333333334,0.0,0.0,1021.0,821.1583333333333,0.0,0.0,0.0
2017-06-22 11:00:00,507.768217,22.449166666666667,47.06,0.0,0.0,1020.75,923.8333333333334,0.0,0.0,0.0
2017-06-22 12:00:00,521.5632145,23.50166666666667,43.465,0.0,0.0,1020.0833333333334,963.8333333333334,0.0,0.0,0.0
2017-06-22 13:00:00,511.9072625,24.44333333333333,41.34583333333333,0.0,0.0,1020.0,951.1666666666666,0.0,0.0,0.0
2017-06-22 14:00:00,558.9651705,24.060000000000002,42.307500000000005,0.0,0.0,1020.0,880.0,0.0,0.0,0.0
2017-06-22 15:00:00,584.4829115,24.415000000000006,38.04916666666667,0.0,0.0,1020.0,767.2416666666667,0.0,0.0,0.0
2017-06-22 16:00:00,568.4314645,23.706666666666667,39.38,0.0,0.0,1020.0,615.1916666666666,0.0,0.0,0.0
2017-06-22 17:00:00,523.9924975,22.7225,42.99166666666667,0.0,0.0,1020.1666666666666,432.51666666666665,0.0,0.0,0.0
2017-06-22 18:00:00,459.801349,21.205,49.89166666666666,0.0,0.0,1020.75,242.71666666666667,0.0,0.0,0.0
2017-06-23 08:00:00,530.8276145,20.270000000000003,55.71000000000001,0.0,0.0,1024.0,535.2916666666666,0.0,0.0,0.0
2017-06-23 10:00:00,484.97626349999996,23.2625,46.95666666666667,0.0,0.0,1023.4166666666666,827.5833333333334,0.0,0.0,0.0
2017-06-23 11:00:00,508.88868499999995,25.726666666666663,39.4725,0.0,0.0,1023.75,908.3333333333334,0.0,0.0,0.0
2017-06-23 12:00:00,544.5529105,26.368333333333336,37.01166666666667,0.0,0.0,1024.0,932.25,0.0,0.0,0.0
2017-06-23 13:00:00,601.572452,25.883333333333336,37.649166666666666,0.0,0.0,1023.5833333333334,918.0833333333334,0.0,0.0,0.0
2017-06-23 14:00:00,556.909741,26.015833333333333,33.105,0.0,0.0,1023.3333333333334,850.3333333333334,0.0,0.0,0.0
2017-06-23 15:00:00,553.595533,26.471666666666668,32.169999999999995,0.0,0.0,1023.1666666666666,732.2833333333333,0.0,0.0,0.0
2017-06-23 16:00:00,550.4467295,26.298333333333332,31.61916666666667,0.0,0.0,1022.0833333333334,576.4416666666667,0.0,0.0,0.0
2017-06-23 17:00:00,524.3635105000001,25.045833333333334,36.15083333333333,0.0,0.0,1022.0,282.60833333333335,0.0,0.0,0.0
2017-06-23 18:00:00,476.737284,23.570833333333336,40.678333333333335,0.0,0.0,1022.1666666666666,194.18333333333337,0.0,0.0,0.0
2017-06-26 08:00:00,564.3935845,18.744166666666665,64.0675,0.0,0.0,1015.0,227.20000000000002,0.0,0.0,0.0
2017-06-26 14:00:00,468.4178965,22.048333333333332,47.56916666666666,0.0,0.0,1014.0,577.5166666666665,0.0,0.0,0.0
2017-06-26 15:00:00,459.0053535,21.654166666666665,48.12916666666666,0.0,0.0,1014.0,734.3916666666668,0.0,0.0,0.0
2017-06-26 17:00:00,457.6825545,20.6375,49.45249999999999,0.0,0.0,1014.0,394.6666666666667,0.0,0.0,0.0
2017-06-27 08:00:00,462.34228550000006,19.408333333333335,59.37583333333333,0.0,0.0,1016.0,518.0416666666666,0.0,0.0,0.0
2017-06-27 11:00:00,468.7246705,21.29666666666667,48.69083333333333,0.0,0.0,1017.0,698.0833333333334,0.0,0.0,0.0
2017-06-27 14:00:00,458.052038,21.163333333333338,49.69,0.0,0.0,1017.0,619.6416666666667,0.0,0.0,0.0
2017-06-28 08:00:00,493.74466849999993,18.031666666666666,80.25,0.0,0.0,1016.0833333333334,243.7416666666667,0.12500000000000003,0.2416666666666666,0.0
2017-07-03 08:00:00,537.8596,22.956756756756757,40.906108108108114,4.454416216216217,5.801789189189189,1016.4324324324324,622.8987567567567,0.0,0.0,0.0
2017-07-03 11:00:00,535.4633105,23.23108108108108,40.0712972972973,4.619394594594595,6.016670270270271,1016.1891891891892,645.888881081081,0.0,0.0,0.0
2017-07-03 12:00:00,601.455773,23.322522522522522,39.79302702702703,4.674387387387387,6.088297297297298,1016.1081081081081,653.5522558558558,0.0,0.0,0.0
2017-07-03 13:00:00,517.0328355,23.413963963963962,39.51475675675676,4.72938018018018,6.159924324324325,1016.027027027027,661.2156306306306,0.0,0.0,0.0
2017-07-03 14:00:00,513.2658955,23.505405405405405,39.23648648648649,4.784372972972974,6.231551351351351,1015.9459459459459,668.8790054054053,0.0,0.0,0.0
2017-07-03 15:00:00,512.6702644999999,23.596846846846844,38.958216216216215,4.839365765765766,6.303178378378378,1015.8648648648649,676.5423801801801,0.0,0.0,0.0
2017-07-03 16:00:00,510.3629045,23.688288288288287,38.679945945945946,4.894358558558559,6.3748054054054055,1015.7837837837837,684.2057549549548,0.0,0.0,0.0
2017-07-03 17:00:00,522.990675,23.77972972972973,38.401675675675676,4.949351351351352,6.446432432432433,1015.7027027027027,691.8691297297297,0.0,0.0,0.0
2017-07-03 18:00:00,483.638825,23.87117117117117,38.12340540540541,5.004344144144144,6.51805945945946,1015.6216216216217,699.5325045045045,0.0,0.0,0.0
2017-07-04 08:00:00,507.171275,25.15135135135135,34.22762162162162,5.774243243243244,7.520837837837838,1014.4864864864865,806.8197513513513,0.0,0.0,0.0
2017-07-04 09:00:00,519.3891394999999,25.24279279279279,33.94935135135135,5.829236036036036,7.592464864864865,1014.4054054054054,814.4831261261261,0.0,0.0,0.0
2017-07-04 10:00:00,520.9806934999999,25.33423423423423,33.671081081081084,5.884228828828829,7.664091891891892,1014.3243243243244,822.1465009009008,0.0,0.0,0.0
2017-07-04 11:00:00,554.4837355000001,25.425675675675674,33.392810810810815,5.939221621621622,7.735718918918919,1014.2432432432432,829.8098756756756,0.0,0.0,0.0
2017-07-04 12:00:00,580.918084,25.517117117117117,33.114540540540546,5.994214414414414,7.807345945945946,1014.1621621621622,837.4732504504503,0.0,0.0,0.0
2017-07-04 13:00:00,576.1117395,25.608558558558556,32.836270270270276,6.049207207207208,7.878972972972973,1014.081081081081,845.1366252252251,0.0,0.0,0.0
2017-07-04 14:00:00,540.7614985,25.7,32.558,6.1042000000000005,7.9506,1014.0,852.8,0.0,0.0,0.0
2017-07-04 15:00:00,629.9173645,26.22583333333333,32.07666666666667,5.14175,6.626583333333333,1014.0,767.75,0.0,0.0,0.0
2017-07-04 16:00:00,615.739992,26.88083333333333,29.255833333333328,6.08775,7.568583333333333,1013.1666666666666,615.2916666666666,0.0,0.0,0.0
2017-07-04 17:00:00,600.929625,25.936666666666664,33.73916666666667,5.595833333333334,6.877333333333332,1013.0,431.6083333333334,0.0,0.0,0.0
2017-07-04 18:00:00,530.964177,22.726666666666663,45.809999999999995,4.396916666666667,5.576833333333334,1013.0,240.13333333333333,0.0,0.0,0.0
2017-07-05 08:00:00,531.1042355000001,18.378333333333334,60.7225,1.4865833333333331,2.054583333333333,1016.0,137.475,0.0,0.0,0.0
2017-07-05 15:00:00,509.6125755,20.94333333333333,50.39833333333334,2.7428333333333335,3.731666666666666,1015.0833333333334,457.2166666666667,0.0,0.0,0.0
2017-07-05 16:00:00,475.02271449999995,20.604166666666668,51.37,3.887333333333333,4.8430833333333325,1015.0,533.9166666666666,0.0,0.0,0.0
2017-07-05 17:00:00,464.63850199999996,20.775833333333335,49.63833333333333,4.158166666666666,5.2625,1015.0,443.4416666666666,0.0,0.0,0.0
2017-07-06 08:00:00,468.23239,17.075833333333335,72.64999999999999,3.578,4.423666666666666,1017.0,291.15,0.0,1.0999999999999999,0.0
2017-07-06 15:00:00,465.2824215,20.3575,50.70250000000001,3.5522499999999995,5.3678333333333335,1017.0,739.525,0.0,1.0999999999999999,0.0
2017-07-07 08:00:00,456.4851745,19.009166666666665,62.18833333333334,3.0623333333333336,4.214250000000001,1019.0,478.3333333333333,0.0,0.0,0.0
2017-07-07 15:00:00,471.6866565,21.225833333333338,54.154999999999994,8.030083333333332,9.77,1018.0,750.4833333333335,0.0,0.0,0.0
2017-07-10 08:00:00,520.9986105,18.624615384615385,61.346923076923076,6.511846153846154,8.108384615384614,1017.0,487.9153846153847,0.0,0.0,0.0
2017-07-11 14:00:00,474.4375715,26.04166666666666,24.735833333333336,6.674,8.36425,1016.0,895.4166666666666,0.0,0.0,0.0
2017-07-11 15:00:00,467.30966449999994,26.35166666666667,23.385000000000005,6.389500000000001,7.884,1016.0,784.4166666666666,0.0,0.0,0.0
2017-07-11 16:00:00,477.5498855000001,25.874166666666667,23.856666666666666,6.780833333333335,8.366000000000001,1016.0,622.7666666666665,0.0,0.0,0.0
2017-07-12 08:00:00,493.89368550000006,21.1675,61.9275,3.6497499999999996,4.696166666666667,1019.0,523.1999999999999,0.0,0.0,0.0
2017-07-12 10:00:00,472.626425,24.468333333333334,48.201666666666675,3.6268333333333342,4.7170000000000005,1019.0,829.4166666666666,0.0,0.0,0.0
2017-07-12 11:00:00,508.8006295,27.084166666666665,40.57,4.208666666666667,5.136666666666667,1018.8333333333334,900.9,0.0,0.0,0.0
2017-07-12 12:00:00,518.1072,28.504166666666666,36.166666666666664,4.392249999999999,5.556,1018.0,966.75,0.0,0.0,0.0
2017-07-12 13:00:00,538.5515895,28.9975,33.93916666666667,4.788666666666666,6.0802499999999995,1018.0,953.5,0.0,0.0,0.0
2017-07-12 14:00:00,536.1952855000001,29.688333333333333,31.544166666666666,4.428833333333334,5.576333333333333,1018.0,880.75,0.0,0.0,0.0
2017-07-12 15:00:00,508.5659605,30.396666666666665,29.162499999999998,4.2437499999999995,5.4085833333333335,1017.5833333333334,761.4333333333333,0.0,0.0,0.0
2017-07-12 16:00:00,489.52281150000005,29.650000000000002,28.864166666666666,5.696750000000001,6.751166666666666,1017.0,596.175,0.0,0.0,0.0
2017-07-12 17:00:00,484.359875,28.89333333333333,29.469166666666666,5.548749999999999,6.773,1017.0,412.99166666666673,0.0,0.0,0.0
2017-07-13 08:00:00,488.380275,23.223333333333333,46.26666666666667,3.429583333333333,4.277,1018.0,414.60833333333335,0.0,0.0,0.0
2017-07-13 09:00:00,512.7513280000001,25.214166666666667,40.48416666666667,5.173083333333333,6.226500000000001,1018.0,649.7916666666666,0.0,0.0,0.0
2017-07-13 10:00:00,489.43628550000005,26.57083333333333,38.59166666666667,6.634333333333333,7.797833333333332,1017.1666666666666,847.9166666666666,0.0,0.0,0.0
2017-07-13 11:00:00,550.325025,28.03916666666667,34.275,6.901,8.241083333333334,1017.0,856.4916666666667,0.0,0.0,0.0
2017-07-13 12:00:00,577.7810795,29.041666666666668,31.541666666666668,5.869083333333335,7.3797500000000005,1017.0,930.75,0.0,0.0,0.0
2017-07-13 13:00:00,578.2530395,29.01,31.173333333333336,7.4703333333333335,9.24525,1016.9166666666666,890.7333333333332,0.0,0.0,0.0
2017-07-13 14:00:00,531.0871925,29.435000000000002,29.191666666666663,8.005416666666667,9.642750000000001,1016.0833333333334,853.35,0.0,0.0,0.0
2017-07-13 15:00:00,497.74671449999994,29.838333333333335,26.731666666666666,7.268083333333334,8.931666666666667,1016.0,757.2416666666667,0.0,0.0,0.0
2017-07-13 16:00:00,508.57338949999996,29.137500000000003,28.04416666666667,6.816750000000002,8.47,1016.0,590.3583333333332,0.0,0.0,0.0
2017-07-13 17:00:00,482.1042995,27.239166666666666,33.515833333333326,7.271000000000001,8.784166666666668,1016.0,396.6499999999999,0.0,0.0,0.0
2017-07-14 08:00:00,508.7407605,19.948333333333334,64.15416666666668,5.130666666666666,6.667333333333333,1017.9166666666666,519.7083333333334,0.0,0.0,0.0
2017-07-14 11:00:00,468.04054699999995,26.694999999999997,38.484166666666674,3.8785833333333337,5.136416666666666,1017.0,939.4166666666666,0.0,0.0,0.0
2017-07-14 12:00:00,516.1042105,27.509166666666662,35.607499999999995,4.648999999999999,6.016749999999999,1017.0,983.5,0.0,0.0,0.0
2017-07-14 13:00:00,539.968125,27.370833333333334,35.65083333333334,5.6048333333333344,7.169666666666665,1016.6666666666666,974.8333333333334,0.0,0.0,0.0
2017-07-14 14:00:00,541.0416155,27.487500000000008,34.58333333333333,5.117249999999999,6.353166666666666,1016.1666666666666,912.0833333333334,0.0,0.0,0.0
2017-07-14 15:00:00,554.6004144999999,26.9725,34.69583333333333,6.5601666666666665,8.008166666666666,1016.0,801.25,0.0,0.0,0.0
2017-07-14 16:00:00,550.3361685,26.52916666666667,32.28083333333334,6.611250000000001,7.925249999999998,1016.0,647.2083333333334,0.0,0.0,0.0
2017-07-14 17:00:00,481.12978949999996,25.61,32.20166666666667,6.964166666666667,8.134916666666667,1016.0,460.06666666666666,0.0,0.0,0.0
2017-07-17 09:00:00,467.29240300000004,21.68785714285714,51.97285714285714,3.7318571428571428,4.420142857142857,1014.7857142857142,556.7185714285714,0.0,0.0,0.0
2017-07-17 11:00:00,506.76705,22.305158730158727,49.21793650793651,4.113825396825397,4.899285714285714,1014.515873015873,680.1200317460317,0.0,0.0,0.0
2017-07-17 12:00:00,541.235425,22.613809523809522,47.84047619047619,4.304809523809523,5.138857142857143,1014.3809523809524,741.8207619047619,0.0,0.0,0.0
2017-07-17 13:00:00,497.4552355000001,22.922460317460313,46.46301587301587,4.495793650793651,5.378428571428572,1014.2460317460317,803.521492063492,0.0,0.0,0.0
2017-07-17 14:00:00,499.53732199999996,23.231111111111108,45.08555555555555,4.6867777777777775,5.618,1014.1111111111111,865.2222222222222,0.0,0.0,0.0
2017-07-17 15:00:00,515.7655355,23.1725,44.83583333333334,4.47625,5.24125,1013.9166666666666,765.75,0.0,0.0,0.0
2017-07-17 16:00:00,493.3234005,24.187500000000004,42.711666666666666,3.5117499999999997,4.423583333333333,1013.1666666666666,610.6333333333333,0.0,0.0,0.0
2017-07-17 17:00:00,483.835475,23.61583333333333,43.23,4.042666666666666,4.947916666666666,1013.0,419.625,0.0,0.0,0.0
2017-07-18 08:00:00,498.01241050000004,19.827499999999997,59.93083333333333,2.4913333333333334,3.1655833333333336,1015.0,334.9166666666667,0.0,0.0,0.0
2017-07-18 12:00:00,464.629325,21.119166666666665,58.81833333333333,4.928416666666667,6.414916666666666,1015.0,387.73333333333335,0.0,0.0,0.0
2017-07-18 14:00:00,459.148034,21.409166666666664,59.45000000000001,4.8341666666666665,5.765583333333332,1015.0,367.34999999999997,0.0,0.0,0.0
2017-07-18 16:00:00,460.95677699999993,20.55,62.23,5.188666666666667,6.185333333333333,1015.0,330.6333333333333,0.0,0.0,0.0
2017-07-19 08:00:00,489.057625,18.421666666666667,76.14999999999999,4.06025,4.822,1017.0833333333334,198.83333333333334,0.0,0.0,0.0
2017-07-19 15:00:00,470.84586849999994,22.00916666666667,50.002500000000005,5.859749999999999,7.232749999999999,1017.0,774.1416666666668,0.0,0.0,0.0
2017-07-19 16:00:00,461.39923949999996,21.861666666666665,48.660833333333336,6.598333333333334,7.881833333333334,1017.0,550.2333333333333,0.0,0.0,0.0
2017-07-19 17:00:00,456.33003949999994,21.361666666666665,51.80583333333334,7.603583333333334,8.951666666666668,1017.0,342.47499999999997,0.0,0.0,0.0
2017-07-20 08:00:00,471.8326145,18.270833333333336,53.071666666666665,7.400833333333332,9.435833333333335,1019.0,449.3,0.0,0.0,0.0
2017-07-24 08:00:00,485.6381,18.4875,69.83,7.176833333333334,9.055833333333334,1022.9166666666666,493.7249999999999,0.0,0.0,0.0
2017-07-24 15:00:00,462.56078550000007,23.76166666666667,41.79333333333334,9.192833333333335,11.5525,1020.1666666666666,778.3333333333334,0.0,0.0,0.0
2017-07-24 16:00:00,455.7053480000001,23.126666666666665,43.1,8.552666666666667,10.671666666666667,1020.0,618.4083333333333,0.0,0.0,0.0
2017-07-25 08:00:00,482.04792649999996,20.3625,55.405833333333334,3.7806666666666664,4.696166666666667,1017.0,505.7583333333334,0.0,0.0,0.0
2017-07-25 11:00:00,472.539025,27.301666666666673,31.194999999999997,4.95475,6.289916666666667,1016.0,933.4166666666666,0.0,0.0,0.0
2017-07-25 12:00:00,455.5288,28.300833333333333,28.953333333333333,5.200833333333333,6.835166666666667,1015.75,973.5833333333334,0.0,0.0,0.0
2017-07-25 13:00:00,467.312942,29.109166666666667,26.373333333333335,7.409166666666668,8.973333333333334,1015.0,961.9166666666666,0.0,0.0,0.0
2017-07-25 14:00:00,504.024875,29.13166666666667,24.944999999999997,8.130249999999998,10.147499999999999,1015.0,892.8333333333334,0.0,0.0,0.0
2017-07-25 15:00:00,491.12245,27.889166666666668,25.959999999999997,7.850083333333334,9.768333333333334,1014.9166666666666,787.5833333333334,0.0,0.0,0.0
2017-07-25 16:00:00,470.49102450000004,26.757499999999997,27.18583333333334,7.932249999999999,10.44,1014.0833333333334,634.3583333333333,0.0,0.0,0.0
2017-07-26 08:00:00,456.8522545,22.77666666666667,41.79416666666666,5.414416666666667,6.6874166666666675,1016.0,498.4083333333333,0.0,0.0,0.0
2017-07-26 11:00:00,467.80478550000004,27.285,33.17916666666667,4.900666666666668,6.373666666666666,1016.0,927.8333333333334,0.0,0.0,0.0
2017-07-26 12:00:00,506.537625,28.515000000000004,29.94916666666667,4.945833333333334,6.540916666666665,1016.0,970.3333333333334,0.0,0.0,0.0
2017-07-26 13:00:00,510.00303499999995,29.138333333333335,28.198333333333327,6.08125,7.485499999999999,1015.0,958.1666666666666,0.0,0.0,0.0
2017-07-26 14:00:00,492.16753550000004,29.316666666666663,26.768333333333334,6.681916666666667,8.427166666666668,1015.0,896.25,0.0,0.0,0.0
2017-07-26 15:00:00,496.53753550000005,29.03,26.163333333333327,7.096166666666668,8.847500000000002,1015.0,784.0,0.0,0.0,0.0
2017-07-26 16:00:00,470.626713,28.59416666666667,24.34916666666666,7.580916666666667,10.000833333333333,1014.5833333333334,626.9250000000001,0.0,0.0,0.0
2017-07-27 12:00:00,460.64563300000003,23.186666666666667,46.28583333333333,6.369000000000001,7.756666666666667,1017.0,995.0833333333334,0.0,0.0,0.0
2017-07-27 14:00:00,470.10275,25.028333333333325,42.199999999999996,6.863916666666667,8.323833333333333,1016.0833333333334,913.9166666666666,0.0,0.0,0.0
2017-07-27 15:00:00,474.5109875,25.581666666666667,40.855,5.759583333333334,7.4639999999999995,1016.0,791.75,0.0,0.0,0.0
2017-07-27 16:00:00,510.15751449999993,24.164999999999996,44.82916666666667,7.5310000000000015,8.784416666666667,1016.0,627.475,0.0,0.0,0.0
2017-07-28 08:00:00,490.12456050000003,21.497999999999998,52.838,3.9476999999999998,5.232899999999999,1019.0,504.43,0.0,0.0,0.0
2017-07-28 11:00:00,470.11738949999994,21.072176470588232,56.06511764705883,3.6505985294117647,4.858866176470587,1018.8235294117648,415.48924264705886,0.0,0.0,0.0
2017-07-28 12:00:00,483.63183300000003,20.930235294117644,57.14082352941176,3.5515647058823525,4.734188235294117,1018.7647058823529,385.8423235294118,0.0,0.0,0.0
2017-07-28 13:00:00,504.5018605,20.78829411764706,58.216529411764704,3.452530882352941,4.609510294117646,1018.7058823529412,356.1954044117647,0.0,0.0,0.0
2017-07-28 14:00:00,496.3513735,20.64635294117647,59.292235294117646,3.353497058823529,4.484832352941176,1018.6470588235294,326.54848529411765,0.0,0.0,0.0
2017-07-28 15:00:00,464.09028550000005,20.504411764705882,60.36794117647059,3.2544632352941174,4.3601544117647055,1018.5882352941177,296.9015661764706,0.0,0.0,0.0
2017-07-28 16:00:00,463.2652295,20.362470588235293,61.44364705882353,3.1554294117647057,4.235476470588234,1018.5294117647059,267.25464705882354,0.0,0.0,0.0
2017-09-04 08:00:00,592.146799,19.448333333333334,78.10000000000001,5.36325,6.499083333333334,1019.0,376.3333333333333,0.0,0.0,0.0
2017-09-04 16:00:00,456.33397249999996,21.848333333333333,49.889166666666675,5.720583333333333,6.8765833333333335,1019.0,469.1833333333334,0.0,0.0,0.0
2017-09-05 08:00:00,499.4387785,19.173333333333332,67.065,4.006083333333334,5.848416666666666,1022.0,276.40000000000003,0.0,0.0,0.0
2017-09-06 08:00:00,506.30688899999996,19.88083333333333,63.75583333333333,4.757333333333333,6.603750000000001,1021.0,404.2166666666667,0.0,0.0,0.0
2017-09-06 15:00:00,492.568483,26.500000000000004,36.93333333333333,5.3254166666666665,7.777416666666666,1018.25,625.6583333333335,0.0,0.0,0.0
2017-09-07 08:00:00,530.0847144999999,23.3425,35.47083333333333,3.3265,4.3187500000000005,1018.0,385.02500000000003,0.0,0.0,0.0
2017-09-07 13:00:00,469.829625,30.57416666666667,19.338333333333335,4.75,6.541583333333332,1016.1666666666666,836.4166666666666,0.0,0.0,0.0
2017-09-07 14:00:00,488.07262699999995,30.926666666666673,13.812500000000002,5.464916666666666,7.547499999999999,1016.0,759.3083333333334,0.0,0.0,0.0
2017-09-11 08:00:00,497.7305455,18.62416666666667,68.98916666666666,3.4365833333333335,5.135833333333333,1018.0,394.4916666666666,0.0,0.0,0.0
2017-09-11 15:00:00,471.19940149999996,24.7825,41.85666666666666,7.574416666666667,9.581583333333333,1016.6666666666666,610.8166666666667,0.0,0.0,0.0
2017-09-11 16:00:00,460.3985095,23.5475,45.43666666666667,5.83775,7.757416666666667,1017.0,434.04999999999995,0.0,0.0,0.0
2017-09-13 15:00:00,525.1719605000001,26.665833333333335,34.865,4.636833333333334,6.792583333333332,1020.0,608.4999999999999,0.0,0.0,0.0
2017-09-13 16:00:00,480.0967215,24.823333333333327,38.91916666666666,4.825499999999999,7.69475,1020.0,427.82500000000005,0.0,0.0,0.0
2017-09-18 09:00:00,461.211111,16.45815025252525,71.34770202020202,0.9048794191919192,1.7687133838383842,1024.0454545454545,31.41948232323233,0.0,0.0,0.0
2017-09-20 15:00:00,483.43387199999995,24.263333333333335,38.38166666666667,2.1838333333333337,3.3124999999999996,1017.0,356.18333333333334,0.0,0.0,0.0
2017-09-20 16:00:00,457.96878949999996,23.084166666666665,41.862500000000004,4.449833333333333,5.828416666666667,1017.0,379.625,0.0,0.0,0.0
2017-09-21 09:00:00,481.091552,18.64833333333333,67.65333333333335,4.4585,5.681333333333332,1019.0,362.94166666666666,0.0,0.0,0.0
2017-09-21 14:00:00,459.210525,21.727500000000003,48.965,7.556416666666666,8.889333333333333,1018.0,665.4499999999999,0.0,0.0,0.0
2017-09-21 15:00:00,474.97967,21.55416666666667,51.973333333333336,6.536583333333333,8.722583333333333,1017.9166666666666,510.1833333333332,0.0,0.0,0.0
2017-09-25 09:00:00,548.3596175,18.236666666666668,65.36416666666668,3.2565833333333334,4.381583333333333,1025.0,523.7666666666665,0.0,0.0,0.0
2017-09-25 12:00:00,459.557066,21.469166666666666,43.55583333333333,3.6094166666666667,4.779916666666667,1023.5833333333334,792.0,0.0,0.0,0.0
2017-09-25 14:00:00,480.91718899999995,23.76,32.854166666666664,4.205166666666666,5.576833333333333,1022.0,673.525,0.0,0.0,0.0
2017-09-25 15:00:00,487.352451,23.595833333333335,32.65833333333333,3.964166666666666,5.136500000000001,1022.0,536.6999999999999,0.0,0.0,0.0
2017-09-25 16:00:00,504.48001050000005,22.49083333333333,34.71916666666666,5.262583333333334,6.96125,1022.0,346.7749999999999,0.0,0.0,0.0
2017-09-25 17:00:00,473.9507535,20.9325,38.07083333333333,6.2651666666666666,7.611166666666666,1022.0,134.95833333333334,0.0,0.0,0.0
2017-09-26 09:00:00,456.82516050000004,18.27583333333333,45.532500000000006,3.9797500000000006,4.905749999999999,1022.0,537.8333333333334,0.0,0.0,0.0
2017-09-26 14:00:00,463.2162855,24.87833333333333,21.62,3.85925,5.010083333333334,1019.0,678.4499999999999,0.0,0.0,0.0
2017-09-26 15:00:00,480.329424,24.054999999999996,23.62166666666667,5.5015,7.106916666666667,1019.0,536.9083333333333,0.0,0.0,0.0
2017-09-26 16:00:00,470.46698949999995,22.72083333333333,26.01666666666667,7.425583333333333,9.307749999999999,1019.0,355.4583333333333,0.0,0.0,0.0
2017-09-27 09:00:00,465.430783,20.4425,52.79583333333333,1.1495833333333334,1.6560833333333331,1020.0833333333334,511.97499999999997,0.0,0.0,0.0
2017-09-27 14:00:00,476.271005,21.993333333333336,48.40916666666666,4.002666666666666,5.325000000000001,1019.0,651.25,0.0,0.0,0.0
2017-09-27 15:00:00,491.03723499999995,22.596666666666664,49.88833333333333,4.100416666666666,4.94775,1019.0,512.6999999999999,0.0,0.0,0.0
2017-09-27 16:00:00,509.65125,23.435833333333335,46.84416666666667,2.706166666666667,3.5223333333333335,1019.0,333.3,0.0,0.0,0.0
2017-09-27 17:00:00,484.83139800000004,22.89333333333333,47.2075,4.90575,6.2052499999999995,1019.0833333333334,146.62166666666664,0.0,0.0,0.0
2017-09-28 09:00:00,542.5973355000001,20.956666666666667,59.163333333333334,1.50075,2.159333333333333,1023.0,488.925,0.0,0.0,0.0
2017-09-28 11:00:00,480.05258449999997,23.785833333333333,44.69083333333333,1.5566666666666666,2.1594166666666665,1022.5833333333334,721.375,0.0,0.0,0.0
2017-09-28 12:00:00,481.68325,24.910833333333333,40.51166666666667,1.303416666666667,2.1175833333333336,1022.0,751.3333333333334,0.0,0.0,0.0
2017-09-28 13:00:00,520.0649599999999,25.104166666666668,38.964166666666664,2.8930833333333332,3.794583333333333,1021.5,716.4416666666667,0.0,0.0,0.0
2017-09-28 14:00:00,549.098366,25.719166666666666,35.4575,3.9011666666666667,4.905666666666666,1021.0,631.4333333333334,0.0,0.0,0.0
2017-09-28 15:00:00,581.05705,26.208333333333332,30.989166666666673,3.5045,4.968500000000001,1021.0,492.03333333333336,0.0,0.0,0.0
2017-09-28 16:00:00,565.3868855000001,25.0425,32.71,3.7176666666666667,5.157666666666667,1021.0,314.025,0.0,0.0,0.0
2017-09-28 17:00:00,509.04469400000005,23.366666666666664,34.885000000000005,4.566833333333334,5.869833333333333,1021.0,127.30833333333332,0.0,0.0,0.0
2017-09-29 09:00:00,547.4375474999999,21.02,36.418333333333344,2.0825,2.5786666666666664,1023.6666666666666,495.5,0.0,0.0,0.0
2017-09-29 12:00:00,477.03706600000004,25.837500000000002,27.39916666666667,2.3428333333333335,3.08175,1022.0,731.75,0.0,0.0,0.0
2017-09-29 13:00:00,467.39335,25.504166666666663,30.12,4.458583333333334,5.597583333333334,1021.0833333333334,717.275,0.0,0.0,0.0
2017-09-29 14:00:00,514.032175,26.33583333333334,27.956666666666667,3.9186666666666667,5.052083333333333,1021.0,629.3666666666667,0.0,0.0,0.0
2017-09-29 15:00:00,544.8732315000001,26.254166666666666,28.320000000000004,4.724166666666667,5.93375,1021.0,492.17499999999995,0.0,0.0,0.0
2017-09-29 16:00:00,527.9796855000001,25.9075,26.745833333333337,4.121333333333332,5.283166666666667,1021.0,319.4666666666667,0.0,0.0,0.0
2017-09-29 17:00:00,521.4570235,24.66,29.436666666666667,6.365666666666667,7.295999999999999,1021.0,199.0666666666667,0.0,0.0,0.0
2017-10-02 09:00:00,584.09857,22.60259097525473,36.26566229985444,4.668688500727802,5.409257641921397,1020.7205240174673,145.04256186317323,0.0,0.0,0.0
2017-10-02 10:00:00,562.0219855,22.570443959243086,36.372365356623,4.642173216885007,5.379777292576419,1020.7161572052402,144.19843522561865,0.0,0.0,0.0
2017-10-02 11:00:00,554.2538735,22.53829694323144,36.47906841339156,4.615657933042213,5.350296943231441,1020.7117903930131,143.35430858806407,0.0,0.0,0.0
2017-10-02 12:00:00,574.67685,22.506149927219795,36.58577147016012,4.589142649199418,5.320816593886462,1020.707423580786,142.5101819505095,0.0,0.0,0.0
2017-10-02 13:00:00,506.33223499999997,22.474002911208153,36.69247452692868,4.562627365356623,5.291336244541484,1020.703056768559,141.66605531295488,0.0,0.0,0.0
2017-10-02 14:00:00,517.550025,22.441855895196507,36.79917758369724,4.536112081513828,5.261855895196506,1020.6986899563319,140.8219286754003,0.0,0.0,0.0
2017-10-02 15:00:00,543.657716,22.409708879184862,36.905880640465796,4.509596797671033,5.232375545851528,1020.6943231441048,139.97780203784572,0.0,0.0,0.0
2017-10-03 11:00:00,502.04308,21.766768558951966,39.03994177583697,3.9792911208151382,4.642768558951964,1020.6069868995634,123.09526928675402,0.0,0.0,0.0
2017-10-03 12:00:00,517.4261355000001,21.73462154294032,39.14664483260553,3.9527758369723434,4.613288209606987,1020.6026200873363,122.25114264919944,0.0,0.0,0.0
2017-10-03 13:00:00,507.98234699999995,21.702474526928675,39.25334788937409,3.926260553129549,4.5838078602620085,1020.5982532751092,121.40701601164484,0.0,0.0,0.0
2017-10-03 14:00:00,523.7626355000001,21.670327510917033,39.36005094614265,3.899745269286754,4.55432751091703,1020.5938864628821,120.56288937409026,0.0,0.0,0.0
2017-10-03 15:00:00,519.4795985000001,21.638180494905388,39.46675400291121,3.873229985443959,4.524847161572052,1020.589519650655,119.71876273653568,0.0,0.0,0.0
2017-10-03 16:00:00,509.105,21.606033478893742,39.57345705967977,3.8467147016011642,4.495366812227074,1020.5851528384279,118.87463609898109,0.0,0.0,0.0
2017-10-03 17:00:00,507.08824500000003,21.573886462882097,39.68016011644832,3.82019941775837,4.465886462882096,1020.5807860262008,118.0305094614265,0.0,0.0,0.0
2017-10-03 18:00:00,476.524465,21.54173944687045,39.78686317321689,3.793684133915575,4.436406113537117,1020.5764192139738,117.18638282387192,0.0,0.0,0.0
2017-10-04 09:00:00,467.61556449999995,21.05953420669578,41.38740902474527,3.3959548762736533,3.9942008733624452,1020.5109170305677,104.52448326055314,0.0,0.0,0.0
2017-10-04 10:00:00,502.37891449999995,21.027387190684134,41.494112081513826,3.369439592430859,3.964720524017467,1020.5065502183406,103.68035662299856,0.0,0.0,0.0
2017-10-04 11:00:00,508.30769349999997,20.99524017467249,41.600815138282385,3.342924308588064,3.9352401746724888,1020.5021834061135,102.83622998544396,0.0,0.0,0.0
2017-10-04 12:00:00,511.6905105000001,20.963093158660847,41.707518195050945,3.316409024745269,3.9057598253275105,1020.4978165938865,101.99210334788938,0.0,0.0,0.0
2017-10-04 13:00:00,497.48342199999996,20.9309461426492,41.814221251819504,3.2898937409024747,3.8762794759825323,1020.4934497816594,101.1479767103348,0.0,0.0,0.0
2017-10-04 14:00:00,561.490375,20.898799126637556,41.92092430858806,3.2633784570596798,3.846799126637554,1020.4890829694323,100.30385007278021,0.0,0.0,0.0
2017-10-04 15:00:00,572.5003715,20.86665211062591,42.02762736535662,3.236863173216885,3.8173187772925763,1020.4847161572052,99.45972343522563,0.0,0.0,0.0
2017-10-04 16:00:00,605.83495,20.834505094614265,42.13433042212518,3.21034788937409,3.787838427947598,1020.4803493449782,98.61559679767105,0.0,0.0,0.0
2017-10-04 17:00:00,527.0366395,20.802358078602623,42.24103347889374,3.1838326055312955,3.75835807860262,1020.4759825327511,97.77147016011645,0.0,0.0,0.0
2017-10-06 09:00:00,493.63891449999994,19.51647743813683,46.50915574963609,2.123221251819505,2.5791441048034933,1020.3013100436681,64.00640465793305,0.0,0.0,0.0
2017-10-06 12:00:00,482.144722,19.42003639010189,46.82926491994178,2.0436754002911206,2.4907030567685586,1020.2882096069869,61.474024745269304,0.0,0.0,0.0
2017-10-06 13:00:00,460.26653550000003,19.38788937409025,46.93596797671033,2.017160116448326,2.4612227074235804,1020.2838427947598,60.629898107714695,0.0,0.0,0.0
2017-10-06 14:00:00,524.806847,19.355742358078604,47.04267103347889,1.9906448326055308,2.431742358078602,1020.2794759825327,59.785771470160114,0.0,0.0,0.0
2017-10-06 15:00:00,562.7445650000001,19.32359534206696,47.14937409024745,1.9641295487627364,2.402262008733624,1020.2751091703057,58.94164483260553,0.0,0.0,0.0
2017-10-06 16:00:00,530.7655605,19.291448326055313,47.25607714701601,1.937614264919942,2.3727816593886457,1020.2707423580786,58.09751819505095,0.0,0.0,0.0
2017-10-06 17:00:00,489.85427599999997,19.259301310043668,47.36278020378457,1.9110989810771466,2.3433013100436675,1020.2663755458515,57.25339155749637,0.0,0.0,0.0
2017-10-09 09:00:00,564.222499,20.556666666666665,49.62333333333333,0.8525833333333334,1.2369166666666667,1020.3333333333334,445.1833333333334,0.0,0.0,0.0
2017-10-09 10:00:00,494.913425,21.507499999999997,48.2075,1.2944166666666668,1.8239166666666666,1020.0,584.7999999999998,0.0,0.0,0.0
2017-10-09 11:00:00,519.616161,23.25,39.333333333333336,1.4902500000000003,2.054583333333333,1020.0,661.4250000000001,0.0,0.0,0.0
2017-10-09 12:00:00,539.8698,24.714166666666667,28.86583333333333,1.6930833333333333,2.306083333333333,1019.8333333333334,697.9583333333334,0.0,0.0,0.0
2017-10-09 13:00:00,542.5877214999999,25.763333333333335,26.952499999999997,1.3470000000000002,1.8030833333333334,1019.0,660.9833333333333,0.0,0.0,0.0
2017-10-09 14:00:00,612.6530240000001,25.607499999999998,24.761666666666667,2.66425,3.4800833333333334,1018.5,562.0583333333333,0.0,0.0,0.0
2017-10-09 15:00:00,581.3775895,26.389999999999997,21.474999999999998,2.8617500000000002,3.4592499999999995,1018.0,421.40000000000003,0.0,0.0,0.0
2017-10-09 16:00:00,588.7034575,26.565833333333334,21.305000000000003,2.3830833333333334,3.061,1018.0,249.96666666666667,0.0,0.0,0.0
2017-10-09 17:00:00,588.494353,25.735,22.5525,2.792,3.5431666666666675,1018.0,77.65749999999998,0.0,0.0,0.0
2017-10-10 09:00:00,547.751095,18.8025,59.296666666666674,0.7635000000000001,1.0480833333333335,1020.0,438.7083333333334,0.0,0.0,0.0
2017-10-10 11:00:00,487.917492,22.125833333333333,36.81249999999999,1.21425,1.6561666666666668,1019.6666666666666,654.6916666666667,0.0,0.0,0.0
2017-10-10 12:00:00,459.8732355,24.202499999999997,27.32166666666667,0.9433333333333334,1.4464166666666667,1019.0,676.8833333333333,0.0,0.0,0.0
2017-10-10 13:00:00,520.789069,25.635833333333334,21.30083333333333,1.5725833333333332,2.2014166666666664,1018.0833333333334,623.2500000000001,0.0,0.0,0.0
2017-10-10 14:00:00,498.10221399999995,24.734166666666667,27.72083333333333,3.5273333333333334,4.214,1018.0,535.8000000000001,0.0,0.0,0.0
2017-10-10 15:00:00,541.366525,25.050833333333333,24.05666666666667,3.1395833333333325,4.025333333333333,1018.0,399.79999999999995,0.0,0.0,0.0
2017-10-10 16:00:00,550.8385,25.55666666666667,22.420833333333334,3.1623333333333328,3.7946666666666666,1018.0,229.79166666666663,0.0,0.0,0.0
2017-10-10 17:00:00,521.7222825,24.374999999999996,23.68166666666667,2.9979999999999998,3.4802499999999994,1018.0,59.99583333333334,0.0,0.0,0.0
2017-10-10 18:00:00,457.45990300000005,23.304166666666664,24.995833333333337,1.9880833333333332,2.3061666666666665,1018.1666666666666,1.6902499999999998,0.0,0.0,0.0
2017-10-11 09:00:00,471.8085795,17.174166666666665,57.15083333333333,2.1035833333333334,2.89325,1022.0,419.4416666666668,0.0,0.0,0.0
2017-10-11 13:00:00,465.11330250000003,25.658333333333335,18.352499999999996,2.2431666666666668,3.0399166666666666,1020.25,627.125,0.0,0.0,0.0
2017-10-11 14:00:00,467.93238949999994,26.58916666666666,13.074166666666668,2.998083333333333,3.899416666666666,1020.0,561.8416666666666,0.0,0.0,0.0
2017-10-11 15:00:00,536.4670995,27.486666666666668,14.491666666666667,2.839166666666667,3.8576666666666664,1019.75,364.8083333333334,0.0,0.0,0.0
2017-10-11 16:00:00,528.7169044999999,27.62833333333333,13.906666666666668,2.893166666666667,3.6897500000000005,1020.0,151.00833333333335,0.0,0.0,0.0
2017-10-11 17:00:00,495.106142,27.44083333333333,13.5325,3.5797499999999993,4.067083333333333,1020.0,68.98083333333335,0.0,0.0,0.0
2017-10-12 09:00:00,555.3396,19.55666666666667,66.32833333333332,4.2995,5.24125,1023.0,444.4833333333333,0.0,0.0,0.0
2017-10-18 14:00:00,493.0393505,16.131666666666668,73.27499999999999,4.020166666666666,5.07425,1014.0,185.57499999999996,0.0,1.5,0.0
2017-10-20 14:00:00,455.24453150000005,20.4675,71.90916666666665,0.0,0.0,1021.75,585.3750000000001,0.0,0.0,0.0
2017-10-24 15:00:00,485.9831115,24.798333333333336,31.975833333333338,0.0,0.0,1020.75,513.9083333333334,0.0,0.0,0.0
2017-10-24 16:00:00,507.4712755,24.49833333333333,33.79083333333333,0.0,0.0,1020.9166666666666,367.76666666666665,0.0,0.0,0.0
2017-10-24 17:00:00,469.47631050000007,24.245833333333334,34.698333333333345,0.0,0.0,1020.75,192.15833333333333,0.0,0.0,0.0
2017-10-25 16:00:00,465.307986,19.81833333333333,65.88916666666667,0.0,0.0,1021.3333333333334,286.9833333333333,0.0,0.0,0.0
2017-10-26 14:00:00,486.52455449999997,22.7925,42.645,0.0,0.0,1024.1666666666667,581.875,0.0,0.09999999999999999,0.0
2017-10-26 15:00:00,495.3204905,24.614166666666662,38.76083333333334,0.0,0.0,1024.0,484.2416666666668,0.0,0.09999999999999999,0.0
2017-10-26 16:00:00,507.29145,25.7325,35.41583333333333,0.0,0.0,1024.0,341.4833333333333,0.0,0.09999999999999999,0.0
2017-10-26 17:00:00,461.8733845,26.00714285714286,32.582857142857144,0.0,0.0,1024.0,206.17142857142858,0.0,0.09999999999999999,0.0
2017-10-27 13:00:00,489.18217000000004,24.877499999999998,27.614166666666666,3.9292499999999997,5.178333333333333,1025.9166666666667,656.0833333333334,0.0,0.0,0.0
2017-10-27 14:00:00,488.3450965,26.69333333333333,25.213333333333335,4.18075,5.660833333333333,1024.8333333333333,620.0416666666667,0.0,0.0,0.0
2017-10-27 15:00:00,533.469498,28.00692307692308,22.53923076923077,3.923615384615385,5.146999999999999,1024.0,525.1230769230768,0.0,0.0,0.0
2017-10-27 16:00:00,524.1996355,29.162499999999998,17.86666666666667,3.6514166666666665,4.842833333333333,1024.0,271.2433333333333,0.0,0.0,0.0
2017-10-27 17:00:00,461.51154850000006,28.44666666666667,18.185,3.8069166666666674,4.61225,1024.0,88.96416666666666,0.0,0.0,0.0
2017-10-30 10:00:00,461.58496449999996,19.4892,31.3176,5.322559999999999,6.539359999999999,1016.2,509.43420000000003,0.0,0.0,0.0
2017-10-30 15:00:00,462.85226449999993,23.121666666666666,23.781666666666666,3.9832500000000004,4.90575,1014.1666666666666,357.09999999999997,0.0,0.0,0.0
2017-10-31 14:00:00,473.80938399999997,20.825833333333335,51.01000000000001,2.6956666666666664,3.5851666666666664,1017.3333333333334,475.2,0.0,0.0,0.0
2017-10-31 15:00:00,485.5944,20.506666666666664,54.097500000000004,3.3510000000000004,4.7796666666666665,1018.0,329.81666666666666,0.0,0.0,0.0
2017-11-02 07:00:00,470.08461449999993,15.972500000000002,83.05,2.9384999999999994,4.297833333333333,1015.5,15.144000000000004,1.1583333333333334,1.1583333333333334,0.0
2017-11-12 01:00:00,462.5109675,12.513333333333335,66.38,3.8628333333333327,4.779916666666667,1026.0,2.7580000000000005,0.0,0.0,0.0
2017-11-20 16:00:00,555.7291855000001,19.77333333333333,28.612499999999997,2.12625,2.410833333333333,1021.0,109.12083333333335,0.0,0.0,0.0
2017-11-21 11:00:00,479.75323949999995,16.081666666666667,42.904999999999994,0.33541666666666664,0.4821666666666667,1021.5833333333334,421.84166666666675,0.0,0.0,0.0
2017-11-28 02:00:00,481.8455955,12.042499999999999,64.27250000000001,0.13283333333333333,0.3563333333333334,1021.4166666666666,2.5781666666666667,0.0,0.0,0.0
2018-03-07 13:00:00,618.0235355000001,11.549166666666666,54.8125,4.725833333333333,6.3103333333333325,1009.5,168.80833333333334,0.0,0.0,0.0
2018-04-18 15:00:00,461.37039749999997,22.610833333333332,31.852500000000003,0.0,0.0,1020.0,678.7583333333333,0.0,0.0,0.0
2018-06-18 07:00:00,486.27546449999994,24.928333333333338,30.90833333333333,0.0,0.0,1018.0,175.85,0.0,0.0,0.0
2018-06-18 13:00:00,468.18432,31.462500000000002,23.745833333333334,0.0,0.0,1017.4166666666666,979.75,0.0,0.0,0.0
2018-06-18 14:00:00,485.74735,33.24,20.659166666666668,0.0,0.0,1016.75,953.8333333333334,0.0,0.0,0.0
2018-06-18 15:00:00,525.935181,34.089166666666664,18.449166666666667,0.0,0.0,1016.0,770.1333333333333,0.0,0.0,0.0
2018-06-18 16:00:00,475.3686,32.87916666666667,21.14,0.0,0.0,1016.0,480.44166666666666,0.0,0.0,0.0
2018-06-18 17:00:00,464.02582800000005,31.369166666666672,25.170833333333334,0.0,0.0,1015.25,467.85833333333335,0.0,0.0,0.0
2018-06-19 12:00:00,495.3541395,24.318333333333328,46.18666666666666,0.0,0.0,1017.3333333333334,944.5833333333334,0.0,0.0,0.0
2018-06-19 13:00:00,496.5576375,25.18916666666666,42.7525,0.0,0.0,1017.0,981.6666666666666,0.0,0.0,0.0
2018-06-19 14:00:00,503.12531050000007,26.849166666666665,39.59916666666667,0.0,0.0,1016.0,967.1666666666666,0.0,0.0,0.0
2018-06-19 15:00:00,498.81736449999994,25.573333333333334,43.027499999999996,0.0,0.0,1016.0,897.75,0.0,0.0,0.0
2018-06-19 16:00:00,493.6546465,22.61333333333333,52.179166666666674,0.0,0.0,1016.1666666666666,776.6666666666666,0.0,0.0,0.0
2018-06-19 17:00:00,462.76836050000003,22.045833333333334,55.001666666666665,0.0,0.0,1016.0,616.1916666666667,0.0,0.0,0.0
2018-06-20 11:00:00,468.24812199999997,25.650833333333335,41.37416666666667,0.0,0.0,1016.8333333333334,856.1666666666666,0.0,0.0,0.0
2018-06-20 12:00:00,472.53181449999994,26.76,38.715,0.0,0.0,1017.0,945.6666666666666,0.0,0.0,0.0
2018-06-20 13:00:00,475.266342,28.0025,33.96833333333334,0.0,0.0,1017.0,777.875,0.0,0.0,0.0
2018-06-20 14:00:00,481.257175,27.474166666666672,32.501666666666665,0.0,0.0,1016.6666666666666,324.375,0.0,0.0,0.0
2018-06-20 15:00:00,505.674987,26.485,36.285000000000004,0.0,0.0,1016.9166666666666,147.56,0.0,0.0,0.0
2018-06-20 16:00:00,526.5266605,24.969166666666663,41.83583333333333,0.0,0.0,1016.0833333333334,96.25333333333333,0.049999999999999996,0.049999999999999996,0.0
2018-06-20 17:00:00,490.5799145,23.9275,47.060833333333335,0.0,0.0,1016.1666666666666,188.50000000000003,0.049999999999999996,0.09999999999999999,0.0
2018-06-21 14:00:00,476.0750105,26.506666666666664,43.245,0.0,0.0,1017.0,936.8333333333334,0.0,4.799999999999999,0.0
2018-06-21 15:00:00,505.59523449999995,26.41416666666667,40.79750000000001,0.0,0.0,1016.8333333333334,884.3166666666666,0.0,4.799999999999999,0.0
2018-06-21 16:00:00,494.44365,25.19,40.06,0.0,0.0,1017.0,818.1166666666667,0.0,4.799999999999999,0.0
2018-06-22 14:00:00,460.15313399999997,25.844166666666663,41.19166666666667,0.0,0.0,1016.9166666666666,647.4333333333334,0.0,0.0,0.0
2018-06-22 15:00:00,490.477875,27.948333333333334,36.44916666666666,0.0,0.0,1016.0,856.3000000000001,0.0,0.0,0.0
2018-06-22 16:00:00,530.87634,27.80666666666667,34.22833333333333,0.0,0.0,1015.8333333333334,676.875,0.0,0.0,0.0
2018-06-22 17:00:00,486.06046050000003,27.974166666666672,33.96666666666667,0.0,0.0,1015.0,652.7083333333334,0.0,0.0,0.0
2018-06-25 07:00:00,472.4151355,16.355,72.03333333333333,0.0,0.0,1017.8333333333334,71.66833333333334,0.0,0.0,0.0
2018-07-09 14:00:00,479.9883455,24.545,50.6675,0.0,0.0,1019.0,954.3333333333334,0.0,0.0,0.0
2018-07-09 15:00:00,495.656325,26.439166666666665,45.810833333333335,0.0,0.0,1018.5833333333334,893.1666666666666,0.0,0.0,0.0
2018-07-09 16:00:00,498.74482249999994,26.79666666666667,45.43083333333333,0.0,0.0,1018.0,775.9166666666666,0.0,0.0,0.0
2018-07-09 17:00:00,491.66498550000006,25.029999999999998,49.24083333333334,0.0,0.0,1018.0,623.8416666666667,0.0,0.0,0.0
2018-07-10 14:00:00,464.72043949999994,23.050833333333333,54.80583333333333,0.0,0.0,1018.4166666666666,954.4166666666666,0.0,0.0,0.0
2018-07-17 14:00:00,464.46173550000003,23.805833333333336,47.06833333333333,0.0,0.0,1016.0,963.5833333333334,0.0,0.0,0.0
2018-07-17 15:00:00,472.50952750000005,23.388333333333332,49.346666666666664,0.0,0.0,1015.9166666666666,895.75,0.0,0.0,0.0
2018-07-28 11:00:00,456.041838,21.745833333333334,54.168333333333344,0.0,0.0,1018.0,678.3333333333334,0.0,0.0,0.0
2018-07-31 14:00:00,485.9367895,25.683333333333326,43.02916666666666,0.0,0.0,1017.1666666666666,939.75,0.0,0.0,0.0
2018-07-31 15:00:00,480.032701,25.358333333333334,46.2925,0.0,0.0,1017.0,873.9166666666666,0.0,0.0,0.0
2018-07-31 16:00:00,457.440675,23.711666666666662,51.827499999999986,0.0,0.0,1017.0,755.6583333333333,0.0,0.0,0.0
2018-08-01 14:00:00,477.1421645,30.03916666666667,34.266666666666666,0.0,0.0,1013.75,919.5833333333334,0.0,0.0,0.0
2018-08-01 16:00:00,461.95991050000003,31.669166666666666,31.2025,0.0,0.0,1012.8333333333334,719.9250000000001,0.0,0.0,0.0
2018-09-05 15:00:00,468.82823949999994,21.6375,51.30333333333334,0.0,0.0,1016.0,628.8666666666667,0.0,0.0,0.0
2018-09-05 16:00:00,595.379725,21.286666666666665,54.781666666666666,0.0,0.0,1016.0,594.1916666666667,0.0,0.0,0.0
2018-09-10 15:00:00,466.34826449999997,29.944999999999997,21.672500000000003,0.0,0.0,1019.75,736.2166666666667,0.0,0.0,0.0
2018-09-10 16:00:00,467.82663550000007,30.599166666666665,19.59333333333333,0.0,0.0,1019.0,597.0500000000001,0.0,0.0,0.0
2018-09-10 17:00:00,467.316875,29.5675,26.959166666666665,0.0,0.0,1018.8333333333334,408.50000000000006,0.0,0.0,0.0
2018-09-11 12:00:00,482.0946855,27.4525,34.15,0.0,0.0,1020.3333333333334,795.4166666666666,0.0,0.0,0.0
2018-09-11 13:00:00,471.99998550000004,29.000833333333333,30.582499999999996,0.0,0.0,1019.5833333333334,827.3333333333334,0.0,0.0,0.0
2018-09-11 14:00:00,500.61256050000003,30.2025,27.668333333333333,0.0,0.0,1018.9166666666666,803.4166666666666,0.0,0.0,0.0
2018-09-12 10:00:00,601.781775,24.110000000000003,39.95916666666667,0.0,0.0,1021.5833333333334,546.375,0.0,0.0,0.0
2018-09-12 11:00:00,466.279,26.9025,32.392500000000005,0.0,0.0,1022.0,694.0166666666668,0.0,0.0,0.0
2018-09-12 12:00:00,494.148675,27.058333333333334,33.410000000000004,0.0,0.0,1021.9166666666666,781.0833333333334,0.0,0.0,0.0
2018-09-12 13:00:00,498.46033550000004,26.80916666666667,34.81916666666667,0.0,0.0,1021.0,817.3333333333334,0.0,0.0,0.0
2018-09-12 14:00:00,517.3680145,26.060833333333335,38.11666666666667,0.0,0.0,1021.0,792.25,0.0,0.0,0.0
2018-09-12 15:00:00,529.4838394999999,26.294166666666666,39.36249999999999,0.0,0.0,1020.25,701.8083333333333,0.0,0.0,0.0
2018-09-12 16:00:00,517.9942355000001,26.82166666666667,35.9475,0.0,0.0,1020.0,560.6750000000001,0.0,0.0,0.0
2018-09-12 17:00:00,490.16476449999993,26.799999999999994,32.9375,0.0,0.0,1020.0,390.06666666666666,0.0,0.0,0.0
2018-09-13 11:00:00,477.84136449999994,27.363333333333333,32.19833333333334,0.0,0.0,1020.0,691.1749999999998,0.0,0.0,0.0
2018-09-13 12:00:00,524.5929355000001,28.496666666666666,26.57166666666667,0.0,0.0,1019.5833333333334,779.0,0.0,0.0,0.0
2018-09-13 13:00:00,503.54788949999994,29.159166666666668,26.8875,0.0,0.0,1019.0,809.8333333333334,0.0,0.0,0.0
2018-09-13 14:00:00,574.7168355,29.765833333333333,27.578333333333337,0.0,0.0,1018.25,783.8333333333334,0.0,0.0,0.0
2018-09-13 15:00:00,598.8829355,29.359166666666663,27.64916666666667,0.0,0.0,1018.0,701.5166666666668,0.0,0.0,0.0
2018-09-13 16:00:00,608.85025,29.60833333333333,23.046666666666667,0.0,0.0,1017.5833333333334,571.4583333333334,0.0,0.0,0.0
2018-09-13 17:00:00,559.6512605,28.660833333333333,22.84166666666667,0.0,0.0,1017.0,395.09999999999997,0.0,0.0,0.0
2018-09-14 10:00:00,456.173375,21.866666666666664,55.25749999999999,0.0,0.0,1019.0,546.4333333333334,0.0,0.0,0.0
2018-09-14 11:00:00,468.19458949999995,22.930833333333336,52.308333333333316,0.0,0.0,1019.0,681.8666666666667,0.0,0.0,0.0
2018-09-14 12:00:00,489.341675,25.223333333333333,45.21,0.0,0.0,1018.75,764.25,0.0,0.0,0.0
2018-09-14 13:00:00,493.86833949999993,25.664999999999996,42.665,0.0,0.0,1018.0,801.3333333333334,0.0,0.0,0.0
2018-09-14 14:00:00,514.4838145,27.53583333333333,35.795833333333334,0.0,0.0,1017.6666666666666,785.9166666666666,0.0,0.0,0.0
2018-09-14 15:00:00,504.74221050000006,28.915000000000003,22.775833333333335,0.0,0.0,1017.0,702.5749999999999,0.0,0.0,0.0
2018-09-14 16:00:00,503.216425,28.24333333333333,26.848333333333333,0.0,0.0,1017.0,565.1416666666667,0.0,0.0,0.0
2018-09-15 11:00:00,456.9746145,22.044999999999998,53.735833333333325,0.0,0.0,1020.0,665.4916666666667,0.0,0.0,0.0
2018-09-17 08:00:00,466.1042,21.30166666666667,63.005,0.0,0.0,1017.0,162.47666666666666,0.0,0.0,0.0
2018-09-17 09:00:00,500.74366050000003,22.674166666666668,56.835,0.0,0.0,1017.0,346.9166666666667,0.0,0.0,0.0
2018-09-17 10:00:00,505.685475,22.50583333333333,55.18500000000001,0.0,0.0,1017.0,377.34999999999997,0.0,0.0,0.0
2018-09-17 11:00:00,570.96235,25.848333333333333,41.87833333333333,0.0,0.0,1016.75,642.6166666666667,0.0,0.0,0.0
2018-09-17 12:00:00,585.4342605,25.104166666666668,41.91916666666667,0.0,0.0,1016.0,519.9083333333333,0.0,0.0,0.0
2018-09-17 13:00:00,589.3126355,26.245,36.07083333333333,0.0,0.0,1016.0,810.5833333333334,0.0,0.0,0.0
2018-09-17 14:00:00,596.5487,25.886666666666667,34.568333333333335,0.0,0.0,1015.4166666666666,756.2833333333333,0.0,0.0,0.0
2018-09-17 15:00:00,607.84515,26.06833333333333,34.774166666666666,0.0,0.0,1015.0,648.15,0.0,0.0,0.0
2018-09-17 16:00:00,621.3447355000001,26.8775,30.9975,0.0,0.0,1014.25,396.00833333333327,0.0,0.0,0.0
2018-09-17 17:00:00,947.0591895,27.039166666666663,27.642499999999995,0.0,0.0,1014.0,276.79999999999995,0.0,0.0,0.0
2018-09-18 10:00:00,475.61616050000003,20.949166666666667,61.357499999999995,0.0,0.0,1018.0,537.5333333333332,0.0,0.0,0.0
2018-09-18 11:00:00,513.7190645,22.496666666666666,50.08583333333333,0.0,0.0,1018.0,679.6583333333333,0.0,0.0,0.0
2018-09-18 12:00:00,522.5027645,24.485000000000003,45.87583333333333,0.0,0.0,1018.0,771.0833333333334,0.0,0.0,0.0
2018-09-18 13:00:00,505.45605,25.362499999999997,42.93666666666667,0.0,0.0,1017.6666666666666,790.75,0.0,0.0,0.0
2018-09-18 14:00:00,531.9673105,26.473333333333333,36.72083333333334,0.0,0.0,1017.0,758.5500000000001,0.0,0.0,0.0
2018-09-18 15:00:00,543.9301855,26.786666666666665,29.460833333333326,0.0,0.0,1017.0,700.7333333333332,0.0,0.0,0.0
2018-09-18 16:00:00,529.8552894999999,26.368333333333336,32.59166666666667,0.0,0.0,1017.0,515.3,0.0,0.0,0.0
2018-09-18 17:00:00,509.43996050000004,24.75,43.72583333333333,0.0,0.0,1017.0,329.4916666666666,0.0,0.0,0.0
2018-09-18 18:00:00,472.22941050000003,22.351666666666663,53.21333333333334,0.0,0.0,1017.6666666666666,178.97333333333333,0.0,0.0,0.0
2018-09-19 10:00:00,456.85793550000005,20.1925,50.80500000000001,0.0,0.0,1021.5833333333334,546.15,0.0,0.0,0.0
2018-09-19 11:00:00,510.6600645,21.8475,48.86166666666667,0.0,0.0,1021.25,689.4666666666667,0.0,0.0,0.0
2018-09-19 12:00:00,509.6731,22.776666666666667,45.64833333333332,0.0,0.0,1021.0,721.8249999999999,0.0,0.0,0.0
2018-09-19 13:00:00,511.20981050000006,25.787499999999998,35.85583333333333,0.0,0.0,1020.4166666666666,800.75,0.0,0.0,0.0
2018-09-19 14:00:00,534.221575,27.415833333333328,30.98333333333333,0.0,0.0,1020.0,718.0166666666668,0.0,0.0,0.0
2018-09-19 15:00:00,557.1459394999999,27.287499999999998,31.508333333333336,0.0,0.0,1019.6666666666666,679.7666666666667,0.0,0.0,0.0
2018-09-19 16:00:00,544.1998145,28.268333333333334,27.906666666666666,0.0,0.0,1019.0,547.225,0.0,0.0,0.0
2018-09-19 17:00:00,512.2077,27.364166666666673,26.584999999999997,0.0,0.0,1019.0,372.72499999999997,0.0,0.0,0.0
2018-09-19 18:00:00,473.4458,25.85333333333334,28.283333333333335,0.0,0.0,1019.5833333333334,180.95000000000002,0.0,0.0,0.0
2018-09-20 10:00:00,465.92568550000004,20.383333333333333,57.211666666666666,0.0,0.0,1021.0,520.9083333333333,0.0,0.0,0.0
2018-09-20 11:00:00,459.09756050000004,20.69666666666667,55.64916666666667,0.0,0.0,1021.0,670.2083333333334,0.0,0.0,0.0
2018-09-20 12:00:00,502.4626,21.938333333333336,48.51916666666667,0.0,0.0,1021.0,753.4166666666666,0.0,0.0,0.0
2018-09-20 13:00:00,496.5995895,23.575833333333332,41.81583333333334,0.0,0.0,1020.1666666666666,785.6666666666666,0.0,0.0,0.0
2018-09-20 14:00:00,525.5617645,25.050833333333333,36.6175,0.0,0.0,1020.0,756.8333333333334,0.0,0.0,0.0
2018-09-20 15:00:00,538.0927395,25.885,31.115,0.0,0.0,1019.1666666666666,671.4999999999999,0.0,0.0,0.0
2018-09-20 16:00:00,525.9585605000001,25.304166666666664,36.51,0.0,0.0,1019.0,530.025,0.0,0.0,0.0
2018-09-20 17:00:00,519.2069105,24.486666666666665,36.77666666666667,0.0,0.0,1019.0,358.60833333333335,0.0,0.0,0.0
2018-09-20 18:00:00,467.73923550000006,22.518333333333334,45.19083333333333,0.0,0.0,1019.0,164.21666666666667,0.0,0.0,0.0
2018-09-21 11:00:00,488.3475,22.719166666666666,50.745000000000005,0.0,0.0,1021.1666666666666,677.4583333333334,0.0,0.0,0.0
2018-09-21 12:00:00,503.0234895,24.544166666666666,44.47749999999999,0.0,0.0,1021.0,771.4166666666666,0.0,0.0,0.0
2018-09-21 13:00:00,508.09618550000005,25.77,40.08,0.0,0.0,1020.4166666666666,784.0666666666666,0.0,0.0,0.0
2018-09-21 14:00:00,526.95645,26.470833333333335,36.850833333333334,0.0,0.0,1019.8333333333334,769.3333333333334,0.0,0.0,0.0
2018-09-21 15:00:00,530.310425,26.24,36.99666666666666,0.0,0.0,1019.0,670.15,0.0,0.0,0.0
2018-09-21 16:00:00,520.5908895,25.1775,39.86833333333333,0.0,0.0,1019.0833333333334,553.2833333333334,0.0,0.0,0.0
2018-09-21 17:00:00,490.05551449999996,24.251666666666665,39.86416666666666,0.0,0.0,1019.0833333333334,343.6333333333334,0.0,0.0,0.0
2018-09-24 09:00:00,461.53383550000007,23.97583333333333,48.19833333333333,0.0,0.0,1021.0,335.475,0.0,0.0,0.0
2018-09-24 10:00:00,515.4670645,24.654166666666665,41.25,0.0,0.0,1021.0,516.7166666666667,0.0,0.0,0.0
2018-09-24 11:00:00,537.00745,26.99416666666667,30.36833333333333,0.0,0.0,1021.0,661.9666666666667,0.0,0.0,0.0
2018-09-24 12:00:00,537.4516605,27.930833333333336,28.529999999999998,0.0,0.0,1020.9166666666666,749.75,0.0,0.0,0.0
2018-09-25 10:00:00,534.5821,22.819999999999997,44.711666666666666,0.0,0.0,1020.0,512.475,0.0,0.0,0.0
2018-09-25 11:00:00,542.5427105,24.796666666666667,40.54750000000001,0.0,0.0,1020.0,649.6416666666667,0.0,0.0,0.0
2018-09-25 12:00:00,533.03075,27.000833333333333,35.649166666666666,0.0,0.0,1019.8333333333334,741.6666666666666,0.0,0.0,0.0
2018-09-25 13:00:00,492.0001645,29.236666666666668,29.878333333333334,0.0,0.0,1019.0,764.3333333333334,0.0,0.0,0.0
2018-09-25 15:00:00,529.0759,27.563333333333333,28.271666666666665,0.0,0.0,1018.3333333333334,643.6666666666666,0.0,0.0,0.0
2018-09-25 16:00:00,513.398525,27.639999999999997,27.635,0.0,0.0,1018.0,503.11666666666656,0.0,0.0,0.0
2018-09-25 17:00:00,491.98181050000005,28.12,25.846666666666664,0.0,0.0,1018.0,321.225,0.0,0.0,0.0
2018-09-25 18:00:00,455.2738105,27.91666666666666,25.915833333333335,0.0,0.0,1018.0,131.5016666666667,0.0,0.0,0.0
2018-09-26 09:00:00,476.34813550000007,22.022499999999997,54.17333333333334,0.0,0.0,1022.25,340.6,0.0,0.0,0.0
2018-09-26 10:00:00,613.30765,23.0675,49.810833333333335,0.0,0.0,1023.0,512.8083333333333,0.0,0.0,0.0
2018-09-26 11:00:00,627.4955105,24.561666666666664,45.1975,0.0,0.0,1023.0,653.15,0.0,0.0,0.0
2018-09-26 12:00:00,638.4497895,27.151666666666667,40.53916666666667,0.0,0.0,1022.5833333333334,738.75,0.0,0.0,0.0
2018-09-26 13:00:00,637.9253894999999,28.63083333333333,34.895,0.0,0.0,1022.0,770.1666666666666,0.0,0.0,0.0
2018-09-26 14:00:00,640.1138855,29.894166666666667,30.770833333333332,0.0,0.0,1021.1666666666666,727.475,0.0,0.0,0.0
2018-09-26 15:00:00,660.6384644999999,30.604166666666668,29.075000000000003,0.0,0.0,1021.0,631.5583333333332,0.0,0.0,0.0
2018-09-26 16:00:00,637.0404645,29.580833333333334,30.549999999999997,0.0,0.0,1021.0,482.5166666666667,0.0,0.0,0.0
2018-09-26 17:00:00,619.261775,29.320000000000004,29.30916666666667,0.0,0.0,1021.0,304.2333333333334,0.0,0.0,0.0
2018-09-26 18:00:00,549.3454895,28.486666666666665,31.72583333333333,0.0,0.0,1021.0,124.6925,0.0,0.0,0.0
2018-09-27 07:00:00,498.54423949999995,21.628333333333334,55.856666666666655,0.0,0.0,1025.0,16.820833333333333,0.0,0.0,0.0
2018-09-27 08:00:00,504.96071050000006,21.618333333333336,55.75583333333333,0.0,0.0,1025.25,132.62166666666667,0.0,0.0,0.0
2018-09-27 09:00:00,590.8604895,22.0775,51.45916666666667,0.0,0.0,1026.0,327.2,0.0,0.0,0.0
2018-09-27 10:00:00,608.2749395,22.37666666666667,51.385833333333345,0.0,0.0,1026.0,498.125,0.0,0.0,0.0
2018-09-27 11:00:00,640.7038355000001,24.571666666666662,45.41916666666666,0.0,0.0,1026.0,636.6416666666665,0.0,0.0,0.0
2018-09-27 12:00:00,651.0790895,26.63666666666667,39.4025,0.0,0.0,1025.4166666666667,722.35,0.0,0.0,0.0
2018-09-27 13:00:00,550.2666855,28.399166666666662,34.48416666666667,0.0,0.0,1024.75,752.5,0.0,0.0,0.0
2018-09-27 14:00:00,540.7438,29.0975,31.530833333333334,0.0,0.0,1023.6666666666666,717.0749999999999,0.0,0.0,0.0
2018-09-27 15:00:00,488.183625,29.98416666666667,29.92583333333333,0.0,0.0,1023.0,624.4250000000001,0.0,0.0,0.0
2018-09-28 11:00:00,604.4184144999999,25.81083333333333,40.78333333333333,0.0,0.0,1020.8333333333334,635.0333333333334,0.0,0.0,0.0
2018-09-28 12:00:00,649.392925,27.11583333333333,35.44583333333334,0.0,0.0,1020.0,721.5166666666668,0.0,0.0,0.0
2018-09-28 13:00:00,627.4190355000001,29.88083333333333,23.996666666666666,0.0,0.0,1019.0,759.0,0.0,0.0,0.0
2018-09-28 14:00:00,637.95445,30.1875,21.324166666666667,0.0,0.0,1018.0833333333334,724.3166666666666,0.0,0.0,0.0
2018-09-28 15:00:00,640.3179644999999,30.2675,23.854166666666668,0.0,0.0,1017.3333333333334,499.34999999999997,0.0,0.0,0.0
2018-09-28 16:00:00,638.4060895,29.14727272727273,31.348181818181818,0.0,0.0,1017.0,432.3545454545454,0.0,0.0,0.0
2018-09-28 17:00:00,610.0010894999999,27.557692307692314,35.38384615384616,0.0,0.0,1017.0,299.76923076923083,0.0,0.0,0.0
2018-09-28 18:00:00,516.7269355000001,24.63083333333333,39.95333333333334,0.0,0.0,1017.0,109.34833333333331,0.0,0.0,0.0
2018-09-29 10:00:00,459.26143550000006,19.967499999999998,49.465,0.0,0.0,1017.1666666666666,513.9583333333334,0.0,0.0,0.0
2018-10-01 07:00:00,457.25495,17.499166666666664,65.98833333333333,0.0,0.0,1019.0833333333334,10.577583333333333,0.0,0.0,0.0
2018-10-01 10:00:00,533.86105,23.166666666666668,42.80583333333333,0.0,0.0,1020.0,493.90833333333336,0.0,0.0,0.0
2018-10-01 11:00:00,564.1051645,24.787500000000005,32.21333333333334,0.0,0.0,1020.0,640.9833333333333,0.0,0.0,0.0
2018-10-01 12:00:00,604.7789395,25.83583333333333,27.88083333333333,0.0,0.0,1019.3333333333334,740.9166666666666,0.0,0.0,0.0
2018-10-01 13:00:00,600.3761645,26.845833333333335,22.051666666666666,0.0,0.0,1018.9166666666666,771.6666666666666,0.0,0.0,0.0
2018-10-01 14:00:00,522.641075,27.91916666666667,18.826666666666668,0.0,0.0,1018.0,742.75,0.0,0.0,0.0
2018-10-01 15:00:00,529.7351145,27.099166666666665,20.4275,0.0,0.0,1018.0,656.75,0.0,0.0,0.0
2018-10-01 16:00:00,515.1065394999999,26.305000000000003,24.22666666666667,0.0,0.0,1017.9166666666666,509.5250000000001,0.0,0.0,0.0
2018-10-01 17:00:00,516.0168105,25.8775,24.13,0.0,0.0,1017.0833333333334,329.4,0.0,0.0,0.0
2018-10-01 18:00:00,469.2506,24.00916666666667,35.016666666666666,0.0,0.0,1017.75,132.03249999999997,0.0,0.0,0.0
2018-10-02 11:00:00,490.94765,20.55166666666667,26.96749999999999,0.0,0.0,1020.8333333333334,616.2916666666666,0.0,0.0,0.0
2018-10-02 12:00:00,475.5833855,22.476666666666663,25.2175,0.0,0.0,1020.0,736.1666666666666,0.0,0.0,0.0
2018-10-02 13:00:00,527.48085,24.903333333333332,21.106666666666666,0.0,0.0,1019.6666666666666,769.25,0.0,0.0,0.0
2018-10-02 14:00:00,522.182225,26.709999999999997,17.963333333333335,0.0,0.0,1019.0,734.25,0.0,0.0,0.0
2018-10-02 15:00:00,583.231125,28.25250000000001,15.960000000000003,0.0,0.0,1018.75,644.8,0.0,0.0,0.0
2018-10-02 16:00:00,586.1518145,29.24,14.386666666666668,0.0,0.0,1018.0,500.6499999999999,0.0,0.0,0.0
2018-10-02 17:00:00,560.091975,30.241666666666664,13.618333333333332,0.0,0.0,1018.0,312.325,0.0,0.0,0.0
2018-10-03 07:00:00,467.950525,19.220833333333335,24.905833333333334,0.0,0.0,1021.0,13.116916666666667,0.0,0.0,0.0
2018-10-03 10:00:00,483.70808949999997,21.025833333333335,20.944999999999997,0.0,0.0,1022.0,509.81666666666666,0.0,0.0,0.0
2018-10-03 11:00:00,492.60103949999996,21.44,22.315,0.0,0.0,1022.0,652.8749999999999,0.0,0.0,0.0
2018-10-03 12:00:00,539.3600395,23.625,17.46,0.0,0.0,1022.0,740.0,0.0,0.0,0.0
2018-10-03 13:00:00,562.6447105000001,26.52,12.308333333333332,0.0,0.0,1021.4166666666666,774.25,0.0,0.0,0.0
2018-10-03 14:00:00,606.632475,28.597500000000007,11.314166666666667,0.0,0.0,1020.5,739.5,0.0,0.0,0.0
2018-10-03 15:00:00,554.4256144999999,29.849166666666665,9.781666666666668,0.0,0.0,1020.0,643.4333333333333,0.0,0.0,0.0
2018-10-03 16:00:00,540.5180895,28.401666666666667,14.2325,0.0,0.0,1019.1666666666666,497.5416666666667,0.0,0.0,0.0
2018-10-03 17:00:00,554.1887605000001,27.05,19.650000000000002,0.0,0.0,1019.0,309.0833333333333,0.0,0.0,0.0
2018-10-03 18:00:00,501.40658949999994,26.7925,15.657499999999999,0.0,0.0,1019.8333333333334,123.32166666666666,0.0,0.0,0.0
2018-10-04 10:00:00,472.3242395,21.41,48.87833333333333,0.0,0.0,1020.0,498.55833333333334,0.0,0.0,0.0
2018-10-04 11:00:00,490.53621449999997,23.224166666666665,35.586666666666666,0.0,0.0,1020.0,637.35,0.0,0.0,0.0
2018-10-04 12:00:00,530.6309645,25.2025,26.326666666666668,0.0,0.0,1019.0,726.3833333333333,0.0,0.0,0.0
2018-10-04 13:00:00,492.99433949999997,25.969166666666666,26.551666666666666,0.0,0.0,1018.8333333333334,740.1666666666666,0.0,0.0,0.0
2018-10-04 14:00:00,569.3928645,24.955000000000002,29.465833333333336,0.0,0.0,1018.0,696.9416666666666,0.0,0.0,0.0
2018-10-04 15:00:00,561.1042855000001,25.24416666666667,21.985833333333336,0.0,0.0,1018.0,617.4583333333333,0.0,0.0,0.0
2018-10-04 16:00:00,524.7096144999999,25.224999999999998,23.314999999999998,0.0,0.0,1017.1666666666666,478.0333333333333,0.0,0.0,0.0
2018-10-04 17:00:00,515.5763145,25.177500000000006,29.34833333333333,0.0,0.0,1017.0,299.925,0.0,0.0,0.0
2018-10-08 14:00:00,467.73923550000006,17.261764705882353,38.782598039215685,0.0,0.0,1011.1470588235294,3.8446764705882357,0.0,0.0,0.0
2018-10-08 16:00:00,515.8275894999999,17.26764705882353,37.880147058823525,0.0,0.0,1010.9705882352941,3.9502647058823532,0.0,0.0,0.0
2018-10-09 14:00:00,468.28198949999995,22.935,25.035,0.0,0.0,1008.0,697.2083333333334,0.0,0.0,0.0
2018-10-09 15:00:00,466.34826449999997,24.40750000000001,22.53833333333333,0.0,0.0,1007.3333333333334,603.6750000000001,0.0,0.0,0.0
2018-10-09 16:00:00,500.95866449999994,24.936666666666667,23.51666666666667,0.0,0.0,1007.0,452.25000000000017,0.0,0.0,0.0
2018-10-11 15:00:00,470.4875285,20.076666666666668,42.3325,0.0,0.0,1013.5833333333334,560.9499999999999,0.0,0.39999999999999997,0.0
2018-11-20 15:00:00,671.5673975,13.493656857119436,76.98946634970079,0.0,0.0,1019.3201082055906,1.2247503893761784,0.0,0.0,0.0
